id,price_after_voucher,rating_average,quantity_sold_by_day,sale_by_day,discount_rate,product_name,brand_name
4048043,329000.0,4.5,0,0,8.0,Điện Thoại Bàn Panasonic KX-TS500 - Hàng Chính Hãng,Panasonic
4048581,689000.0,4.5,0,0,0.0,Điện Thoại Bàn Panasonic KX-TSC11 - Hàng Chính Hãng,Panasonic
11251711,1920000.0,4.8,0,0,0.0,Điện thoại bàn không dây Panasonic KX-TGD312 - Hàng Chính Hãng,Panasonic
11251743,1260000.0,5.0,0,0,0.0,Điện thoại bàn không dây Panasonic KX-TGB112 - Hàng Chính Hãng,Panasonic
11251951,830000.0,4.1,0,0,0.0,Điện thoại bàn không dây Panasonic KX-TGB110-Hàng Chính Hãng,Panasonic
11376644,730000.0,5.0,0,0,0.0,Điện thoại bàn có dây Panasonic KX-TS560MX - Hàng chính hãng,Panasonic
11415485,940000.0,4.8,0,0,0.0,Điện Thoại Cố Định Panasonic KX-TS580MX - Hàng chính hãng,Panasonic
11802138,1232970.5882352942,3.829411764705882,101,131199000,0.0,Điện thoại bàn Không Dây Lắp Sim Homephone Hp1002c,HP
23142193,2250000.0,4.8,0,0,0.0,Điện thoại bàn không dây Panasonic KX-TGC313 - Hàng Chính Hãng,Panasonic
25949745,6200000.0,5.0,0,0,0.0,Máy Đọc Sách Kindle Oasis (10th Gen) 2019- 8GB - Hàng Chính Hãng,Kindle
29440849,1650000.0,0.0,0,0,0.0,điện thoại  IP622C - hàng chính hãng,Flyingvoice
43924153,6690000.0,0.0,0,0,0.0,Máy đọc sách Kindle Oasis 3 (2019) - Amazon - Hàng nhập khẩu,Kindle
53380152,950000.0,0.0,0,0,0.0,Điện Thoại IP Phone Fanvil X1S - Hàng Chính Hãng,Fanvil
72310352,2990000.0,4.6,0,0,0.0,Máy tính bảng Vankyo MatrixPad Z10 - Hàng Chính Hãng,Vankyo
72310420,3090000.0,3.8,0,0,0.0,Máy tính bảng VANKYO MatrixPad S30 - Hàng Chính Hãng,Vankyo
91281318,9090000.0,4.0,0,0,0.0,Máy Đọc Sách Likebook P10 - Hàng chính hãng,Likebook
113475741,450000.0,4.0,0,0,0.0,Điện thoại Panasonic KX-TS520MX - Trắng - Hàng chính hãng,Panasonic
118100164,795000.0,4.6,0,0,0.0,Điện thoại Panasonic KX-TGB110CX -Hàng chính hãng,Panasonic
118100268,1235000.0,0.0,0,0,0.0,Điện thoại Panasonic KX-TGB112CX -Hàng chính hãng,Panasonic
118486668,12000000.0,5.0,0,0,0.0,Máy đọc sách Kobo Elipsa - Hàng nhập khẩu,Kobo
125171841,620000.0,5.0,0,0,0.0,Điện Thoại Bàn Panasonic KX-TSC11 - Hàng Chính Hãng,Panasonic
125182567,3931764.705882353,5.0,12,46770000,3.0294117647058822,Máy đọc sách All New Kindle Paperwhite 5 (11th Gen) - Hàng nhập khẩu,Kindle
139632023,5950000.0,5.0,0,0,0.0,"Máy đọc sách Kobo Libra (Libra Colour, Libra 2) - hàng nhập khẩu",Kobo
140144656,4990000.0,0.0,0,0,0.0,Điện thoại Realme C25Y (4GB/128GB) - Hàng chính hãng,Realme
140184098,1809818.1818181819,4.254545454545455,124,123876000,9.090909090909092,Điện Thoại Vsmart Bee Lite 2GB/16GB - Hàng Chính Hãng,Vsmart
140747649,3549000.0,0.0,0,0,6.0,Điện thoại Realme C11 2021 (4GB/64GB) - Hàng chính hãng,Realme
140940220,8200176.470588235,5.0,0,0,5.5,Máy đọc sách Kobo Sage - hàng nhập khẩu,Kobo
147969070,2390000.0,5.0,0,0,0.0,"Điện thoại thông minh itel A26  2 Sim 2 Sóng 4G LTE - Màn hình IPS 5.7"" - RAM 2GB + ROM 32 GB - Mở khoá bằng Gương Mặt -  Hàng chính hãng ",Itel
157835051,380000.0,5.0,0,0,0.0,Điện Thoại Để Bàn Panasonic KX-TS500MX - Hàng Chính Hãng,Panasonic
160450655,2562647.0588235296,4.5,0,0,32.64705882352941,Máy Tính Bảng Masstel Tab 10A 3GB/32GB - Hàng Chính Hãng,Masstel
162866839,3146000.0,4.7,0,0,0.0,Máy tính bảng VNPT Technology VNT Tab8 Plus 8 Inch Android 11 RAM 4GB - Hàng chính hãng,VNPT Technology
163914808,300000.0,5.0,7,2100000,0.0,Điện thoại bàn Panasonic  KX-TS500MX-hàng chính hãng,Panasonic
164213695,817878.7878787878,5.0,2,1660000,0.0,Điện thoại bàn Panasonic KX-TGB110 hàng chính hãng,Panasonic
170165701,430000.0,5.0,2,860000,0.0,Điện thoại bàn Ktel 645 hàng chính hãng,KTEL
173387789,6804117.647058823,5.0,3,20680000,0.0,Máy đọc sách All New Kindle Oasis 3 - Hàng nhập khẩu,Kindle
173789184,250000.0,5.0,0,0,0.0,Điện thoại bàn treo tường TC990,Uniden
176909016,3300000.0,0.0,0,0,0.0,Máy tính bảng HANET Smart Edu Tablet Model T432 - Hàng Chính Hãng,HANET
178311123,1199000.0,5.0,0,0,0.0,Điện thoại Panasonic KX-TGD310CX - Hàng chính hãng,Panasonic
179547641,3898235.294117647,0.0,0,0,0.0,Máy đọc sách Kindle Paperwhite 5 (8GB) - Hàng chính hãng,Kindle
181452535,670212.1212121212,4.3,8,5352000,14.878787878787879,"Điện thoại Itel Magic X Pro 4G ,Kết nối WIFI,Chia sẻ WIFI cho máy khác - Hàng chính hãng",Itel
181927718,2150000.0,5.0,0,0,0.0,Điện thoại bàn Panasonic KX-TGC313 hàng chính hãng,Panasonic
181927736,1850000.0,5.0,0,0,0.0,Điện thoại bàn Panasonix KX-TGD312 hàng chính hãng,Panasonic
181927774,1190000.0,4.8,0,0,0.0,Điện thoại bàn Panasonic KX-TGD310 hàng chính hãng,Panasonic
181928189,1550000.0,5.0,0,0,0.0,Điện thoại bàn Panasonic KX-TGC312 hàng chính hãng,Panasonic
181928208,1050000.0,5.0,0,0,0.0,Điện thoại bàn Panasonic KX-TGC310 hàng chính hãng,Panasonic
184036446,10502029.411764706,4.8,7,71330000,34.205882352941174,Apple iPhone 11,Apple
184059211,13147647.05882353,5.0,146,1917060000,47.6764705882353,Apple iPhone 13,Apple
188030974,6990000.0,0.0,0,0,0.0,"Máy tính bảng Oukitel RT1 - hàng chính hãng  (chống nước,chống va đập , pin khủng,pin 10.000mAh,màn hình 10,1 inch,Ram 4Gb,Rom 64Gb,tám nhân,học online)",Oukitel
191350420,2790000.0,5.0,0,0,0.0,"Máy đọc sách Kindle Paperwhite Gen 4 10th màn hình 6 inch 300PPI, wifi, bluetooth, chống nước IPX8 - Hàng nhập khẩu",Kindle
191764688,2575705.882352941,0.7352941176470589,0,0,0.0,Điện thoại Xiaomi Redmi 10A (2GB/32GB) - Hàng chính hãng,Xiaomi
192694043,1060000.0,5.0,0,0,0.0,Điện thoại để bàn Panasonic KX-TS880 hàng chính hãng,Panasonic
196197701,40990000.0,0.0,0,0,0.0,Điện thoại Samsung Galaxy Z Fold4 5G (12GB/256GB) - Hàng chính hãng,Samsung
197214029,16960000.0,5.0,640,10873460000,28.5,Apple iPhone 14,Apple
200819471,799000.0,4.2,0,0,0.0,"Điện thoại Mobell Rock 4 4G , Pin 3250mah , Loa Siêu lớn - Hàng chính hãng",Mobell
201067649,4100000.0,5.0,5,20500000,0.0,Combo máy đọc sách Kindle Paperwhite 5 (11th gen) tặng kèm bao da ( Cover ) - Hàng nhập khẩu,Kindle
203853390,3154941.1764705884,0.8823529411764706,0,0,0.0,Điện Thoại Oppo A17k (3GB/64GB) - Hàng Chính Hãng,OPPO
204237269,600000.0,5.0,1,600000,0.0,Điện Thoại Bàn Panasonic KX-TSC11 - Hàng Chính Hãng,Panasonic
204671569,3278470.588235294,0.0,0,0,0.0,Điện Thoại Oppo A17k 3GB/64GB - Hàng Chính Hãng,OPPO
205815576,9174117.647058824,5.0,431,4082690000,21.58823529411765,"Apple iPad 10.9-inch (10th Gen) Wi-Fi, 2022",Apple
206218031,491000.0,0.0,0,0,35.88235294117647,Máy tính bảng viết tay Xiaomi Wicue màn hình LCD màu cầu vồng không đèn nền 12inch,Xiaomi
207883258,9970000.0,0.0,0,0,0.0,"Điện thoại oukitel  wp21 (Ram 12Gb,Rom 256Gb ,chống sốc,chống nước,pin khủng, pin 9.800mAh) - hàng chính hãng",Oukitel
208171115,3990000.0,5.0,0,0,0.0,"Điện thoại OUKITEL WP18 (Chống nước ,chống va đập, pin khủng 12500mAh, Ram 4GB ,Rom 32GB ,màn hình 5.93 inch,Điện thoại chắc chắn) – HÀNG CHÍNH HÃNG",Oukitel
209872337,2866176.470588235,5.0,22,67100000,1.8529411764705883,"Máy đọc sách Kindle 2022 (11th) - All new kindle 2022 11th màn hình 6inch 300PPI gấp 2 lần độ sắc nét, 16GB bộ nhớ trong với cổng kết nối USB-C - Hàng nhập khẩu",Kindle
209927605,3356000.0,4.8,0,0,0.0,Combo máy đọc sách Kindle 2022 (11th) tặng kèm bao da ( Cover ) - Hàng nhập khẩu,Kindle
214756058,2983529.411764706,4.5588235294117645,771,2454010000,6.264705882352941,Máy đọc sách New Kindle 11th 2022 (16GB) - Hàng chính hãng,Kindle
215746882,8198470.588235294,0.0,0,0,0.0,Điện thoại OPPO Reno8T 4G - Hàng chính hãng,OPPO
217276360,576647.0588235294,4.7,0,0,25.0,"Điện thoại Mobell F209 4G ,Loa to, Phím lớn - Hàng chính hãng",Mobell
217505430,2015454.5454545454,0.0,1,1990000,0.0,"Máy tính bảng Kindle Fire HD8 2022 (Fire HD 8 12th) - Màn hình 8inch HD, RAM 2GB, CPU Hexa-core 2.0 GHz, CÀI ĐƯỢC CH PLAY- Hàng nhập khẩu",Kindle
217505504,2671355.2352941176,2.0588235294117645,0,0,0.0,"Máy tính bảng Kindle Fire HD8 PLUS 2022 (Fire HD 8 12th) - Màn hình 8inch HD, RAM 3GB, CPU Hexa-core 2.0 GHz, CÀI ĐƯỢC CH PLAY- Hàng nhập khẩu",Kindle
217548686,9800000.0,4.0,0,0,0.0,"Máy đọc sách Kindle Scribe – thế hệ đầu tiên có thể đọc và viết, màn hình 10,2” 300PPI, đèn vàng warmlight, bộ nhớ 16-64GB, đồng bộ dữ liệu qua Microsoft Word - hàng nhập khẩu",Kindle
217645692,4050000.0,4.8,0,0,10.0,Combo Máy đọc sách All New Kindle Paperwhite 5 (11th Gen) - 16Gb và Bao da - Hàng nhập khẩu,Kindle
217706932,3932727.272727273,4.993939393939394,4,15720000,3.484848484848485,Combo Máy đọc sách All New Kindle Paperwhite 5 (11th Gen) và Bao da - Hàng nhập khẩu,Kindle
219392186,3307882.3529411764,0.0,0,0,2.3529411764705883,Điện thoại OPPO CPH2471 - A17k Vàng - Hàng Chính Hãng (chỉ giao HN và một số khu vực),OPPO
219400421,3307882.3529411764,0.0,0,0,2.3529411764705883,Điện thoại OPPO CPH2471 - A17k Xanh - Hàng Chính Hãng (chỉ giao HN và một số khu vực),OPPO
226552005,600000.0,5.0,0,0,0.0,Điện thoại bàn Panasonic KX-TSC11 hàng chính hãng,Panasonic
242434782,3050000.0,5.0,2,6100000,7.0,Máy đọc sách New Kindle 11th 2022 (16GB) - Hàng nhập khẩu,Kindle
246163082,2139176.470588235,4.5,3,6229000,6.588235294117647,Điện Thoại Nokia C30 2GB/32GB - Hàng Chính Hãng,Nokia
247427990,2990000.0,0.0,6,17940000,0.0,Máy đọc sách Kindle 2022 (11th) Kids Edition kèm bao da chính hãng và tài khoản Free Kid+ 1 năm - Hàng nhập khẩu,Kindle
247730209,7164000.0,0.0,0,0,0.0,Điện thoại Samsung Galaxy A34 5G (8GB/128GB) - Hàng chính hãng,Samsung
248005118,7164000.0,5.0,0,0,0.0,Điện Thoại Samsung Galaxy A34 5G (8GB/128GB) - Hàng Chính Hãng,Samsung
248754839,3278470.588235294,0.8823529411764706,0,0,0.0,Điện Thoại OPPO A17K (3GB/64GB) - Hàng Chính Hãng,OPPO
248762051,7164000.0,0.0,0,0,0.0,Điện Thoại Samsung A34 5G 8GB/128GB - Hàng Chính Hãng,Samsung
248929458,7164000.0,0.0,0,0,0.0,Điện thoại Samsung Galaxy A34 5G (8GB/128GB) - Hàng chính hãng,Samsung
249143473,7164000.0,0.0,0,0,0.0,Điện thoại Samsung Galaxy A34 5G (8GB/128GB) - Hàng chính hãng - ĐÃ KÍCH HOẠT BẢO HÀNH ĐIỆN TỬ,Samsung
249168949,7164000.0,0.0,0,0,0.0,Điện thoại Samsung Galaxy A34 5G 8GB/128GB Bạc - Hàng chính hãng,Samsung
249169833,7164000.0,0.0,0,0,0.0,Điện thoại Samsung Galaxy A34 5G 8GB/128GB Đen - Hàng chính hãng,Samsung
249178196,7164000.0,0.0,0,0,0.0,Điện thoại Samsung Galaxy A34 5G 8GB/128GB Xanh - Hàng chính hãng,Samsung
249890023,9000000.0,0.0,0,0,0.0,Điện Thoại Xiaomi Redmi Note 12 Pro 5G 8GB/256GB - Hàng Chính Hãng,Xiaomi
249955152,9000000.0,0.0,0,0,0.0,Điện thoại Xiaomi Redmi Note 12 Pro 5G (8GB/256GB) - Hàng chính hãng,Xiaomi
250113073,9000000.0,0.0,0,0,0.0,Điện thoại Xiaomi Redmi Note 12 Pro 5G (8GB/256GB) - Hàng chính hãng ,Xiaomi
251407092,7164000.0,0.0,0,0,0.0,Điện Thoại Samsung Galaxy A34 5G (8GB/128GB) ĐKH -  Hàng Chính Hãng,Samsung
251448280,7164000.0,0.0,0,0,0.0,Samsung Galaxy A34 5G A346E (8+128G) Silver Bạc - Hàng Chính Hãng (chỉ giao HN và một số khu vực),Samsung
252428990,4490000.0,4.7,34,152660000,0.0,Điện thoại Tecno SPARK 10 Pro 8GB/256GB - Helio G88 | 5000 mAh | Sạc nhanh 18W | Cảm ứng vân tay - Hàng chính hãng,Tecno
252586291,3990000.0,5.0,2,7980000,0.0,Máy đọc sách All New Kindle Paperwhite 5 (11th Gen) - Hàng chính hãng,Kindle
252884859,990000.0,4.0,0,0,0.0,Tay con điện thoại bàn Panasonic TGDA30-hàng chính hãng,Panasonic
254125720,5990000.0,0.0,0,0,0.0,"Điện thoại oukitel WP22 (Loa to,Chống nước ,chống sốc IP68/IP69K,Ram 13Gb(8GB+5Gb mở rộng),Rom 256Gb,Màn hình 6.58 FHD,tầm nhìn ban đêm,Pin 10.000mAh)- Hàng chính hãng",Oukitel
258787119,9990000.0,0.0,0,0,0.0,"Máy tính bảng OUKITEL RT2 chắc chắn (chống nước,chống va đập ,pin xài lâu,Pin  20.000Mah, Màn hình  10,1 inch,Ram 8GB,Rom  128 GB, lõi tám nhân,Máy ảnh 16MP,Android 12,sạc nhanh 33W)- hàng chính hãng",Oukitel
260406257,3990000.0,4.5,0,0,0.0,"Điện thoại oukitel wp23 ( chống nước,chống va đập,pin 10600mAh,Ram 4Gb.Rom 64Gb,màn hình 6.52 inch,mạng 2,3,4G,Android 13 )-hàng chính hãng",Oukitel
261965186,6132000.0,5.0,0,0,0.0,Điện Thoại Xiaomi Redmi Note 12S (8GB/256GB) - Hàng Chính Hãng,Xiaomi
262516014,7164000.0,5.0,0,0,0.0,Điện Thoại Samsung Galaxy A34 5G - Hàng Chính Hãng,Samsung
262706645,2990000.0,1.6176470588235294,1,2990000,0.0,Máy đọc sách kindle 2022 11th - hàng chính hãng,Kindle
262908601,4990000.0,0.0,0,0,0.0,"Máy tính bảng chắc chắn oukitel RT3 (chống nước,chống va đập,Ram 4Gb,Rom 64 Gb,màn hình 8 inch,pin 5150 mAh)- hÀng chính hãng",Oukitel
263675862,3304882.3529411764,4.7,0,0,33.88235294117647,Điện thoại OPPO A77 4GB+4GB/128GB - Sạc siêu nhanh 33W - Hàng nhập khẩu nhật - Bản quốc tế,OPPO
263798932,6884117.647058823,5.0,52,363480000,9.852941176470589,Máy đọc sách Boox Page - Hàng Chính Hãng,Onyx Boox
270260682,3405060.606060606,4.3,0,0,27.818181818181817,Điện thoại Gaming Tecno POVA 4 8GB/128GB - Hàng Chính Hãng - MediaTek G99 | 6000mAh - 6.82 inch - Bảo hành 13 Tháng,Tecno
270471101,666764.7058823529,4.58235294117647,18,11920000,7.5,Điện Thoại Nokia 110 4G Pro TA-1559 - Hàng Chính Hãng,Nokia
270471106,636470.5882352941,4.7,20,12680000,6.529411764705882,Điện Thoại Nokia 105 4G Pro TA-1538 - Hàng Chính Hãng,Nokia
270495179,6553636.363636363,5.0,0,0,6.0,Điện thoại Oppo A78 (8GB/256GB) - Hàng chính hãng,OPPO
270504848,899000.0,0.0,0,0,0.0,Điện thoại Nokia 110 4G Pro - Hàng chính hãng,Nokia
270512785,782333.3333333334,5.0,0,0,8.0,Điện thoại Nokia 105 4G Pro - Hàng chính hãng,Nokia
270707514,12102121.212121213,5.0,0,0,6.9393939393939394,Máy Đọc Sách BOOX Tab Mini C - Hàng Chính Hãng,Onyx Boox
270791102,12490000.0,0.0,0,0,0.0,Điện Thoại Sony XPERIA 10 MARK V  | ROM 128GB - Pin khủng 5000mAh - Hệ điều hành Snapdragon 695 - Màn hình OLED | HÀNG CHÍNH HÃNG,Sony
270794184,4034117.6470588236,5.0,1,3990000,5.970588235294118,"Máy đọc sách Kobo Clara (Clara Colour, Clara BW, Clara 2e, Clara HD) - 6inch, 16gb - Hàng Chính Hãng",Kobo
270814316,5290000.0,5.0,25,132250000,0.0,Điện thoại Tecno POVA 5 (8+8)/256GB - MediaTek Helio G99 - Sạc nhanh 45W - 6.8'' FHD+120HZ - Hàng Chính Hãng -  BH 13 Tháng,Tecno
270814388,4490000.0,5.0,88,395120000,0.0,Điện thoại Tecno POVA 5 (8+8)/128GB - MediaTek Helio G99 - Sạc nhanh 45W - 6.8'' FHD+120HZ - Hàng Chính Hãng - BH 13 Tháng,Tecno
270814412,11990000.0,5.0,1,11990000,0.0,Điện thoại Tecno CAMON 20 Premier 5G - 8GB/512GB | Dimensity 8050| Cụm Camera 108+50+ 2MP | AMOLED - Tần số quét 120Hz - Hàng chính hãng,Tecno
270975124,4098823.529411765,5.0,1083,4436970000,17.823529411764707,Điện Thoại Oppo A58 6GB/128GB - Hàng Chính Hãng ,OPPO
270977740,6510588.235294118,5.0,7,41930000,5.0588235294117645,Điện thoại Samsung Galaxy A54 5G - Đã kích hoạt bảo hành điện tử - Hàng chính hãng,Samsung
271046571,3785588.2352941176,4.8,23,84870000,12.794117647058824,Điện thoại Xiaomi Redmi Note 12 (8GB/128GB) - Hàng chính hãng,Xiaomi
271128271,3969484.8484848486,4.236363636363636,4,15835000,20.363636363636363,Điện Thoại Oppo A58 6GB/128GB - Hàng Chính Hãng,OPPO
271218081,6201470.588235294,4.3,1,6190000,10.205882352941176,Máy đọc sách Kindle Oasis Edition 3 (8GB) - Hàng chính hãng,Kindle
271234313,835000.0,4.8,0,0,0.0,Điện Thoại Nokia 110 4G Pro - Hàng Chính Hãng,Nokia
271234577,749500.0,5.0,0,0,0.0,Điện Thoại Nokia 105 4G Pro - Hàng Chính Hãng,Nokia
271329051,5100000.0,5.0,0,0,0.0,"Máy tính bảng Kindle Fire MAX 11, màn hình 11 inch, RAM 4GB, CPU Octa-core 2.2Ghz, bộ nhớ 64/128GB - Hàng chính hãng",Kindle
271362153,3985294.117647059,5.0,0,0,7.117647058823529,"Combo Máy đọc sách All New Kindle Paperwhite 5 (11th Gen) và Bao da FOR KIDS (Bản KIDS, Không Quảng Cáo) - Hàng chính hãng",Kindle
271467653,2895882.3529411764,5.0,0,0,27.823529411764707,Điện thoại Realme C51 (4GB/128GB) - Hàng chính hãng ,Realme
271530789,4657941.176470588,4.7,26,137800000,0.0,Combo Máy đọc sách All New Kindle Paperwhite - Hàng chính hãng,Kindle
271530789,4657941.176470588,4.7,26,137800000,0.0,Combo Máy đọc sách All New Kindle Paperwhite 6 - Hàng chính hãng,Kindle
271730109,4390000.0,5.0,0,0,0.0,"Điện thoại chắc chắn Ulefone Armor X13, (Ram 12GB(6Gb+6Gb),Rom 64GB,chống nước,chống va đập IP68/IP69K, Android 13,CPU MediaTek Helio G36 Octa Core,Màn hình 6,52 inch, Mạng: 4G, NFC,OTG)-hàng chính hãng",Ulefone
271798615,5940000.0,5.0,0,0,0.0,"Điện thoại thông minh siêu bền Oukitel WP28 (màn hình 6.52‘' ,HD+ ,pin 10600mAh ,Ram 15Gb(8GB+7Gb),Rom 256GB ,Android13, camera 48MP)-hàng chính hãng",Oukitel
271799133,7490000.0,0.0,0,0,0.0,"Máy tính bảng chắc chắn oukitel RT5 (chống nước,chống va đập,pin 11.000mAh,Màn hình 10.1 inch FHD, Ram 14Gb,Rom 256Gb, CPU : Mediatek 8788,lõi 8, lên đến 2.0 GHz, Camera Trước,sau 16 MP, Android 13)- hàng chính hãng",Oukitel
271801317,9990000.0,0.0,0,0,0.0,"Máy tính bảng siêu bền Oukitel RT6 (chống nước,chống va đập,pin 20000mAh,Ram 16Gb(8GB+8Gb),Rom 256GB,Màn hình 10.1"" ,FHD,Android 13,CPU MTK8788 ,Camera 16MP,sạc nhanh 33W)-hàng chính hãng",Oukitel
271954384,3995882.3529411764,5.0,0,0,19.88235294117647,"Điện thoại OPPO A58 6GB/128GB , Sạc nhanh 33W - Hàng Chính Hãng",OPPO
271966786,19472941.17647059,5.0,4,77960000,13.088235294117647,Apple iPhone 15,Apple
271967379,22470882.352941178,4.8,6,134940000,13.117647058823529,Apple iPhone 15 Plus,Apple
271972435,24800000.0,4.8,0,0,0.0,Apple iPhone 15 Pro,Apple
271973414,28783235.29411765,5.0,30,856200000,13.823529411764707,Apple iPhone 15 Pro Max,Apple
272056193,3939000.0,4.8,0,0,32.0,Điện Thoại Xiaomi Redmi Note 12 8GB/128GB - Hàng Chính Hãng,Xiaomi
272113804,3990000.0,5.0,0,0,0.0,[MỚI] Điện thoại vivo Y17s - Hàng chính hãng - Camera 50MP - Pin 5000 mAh - Sạc nhanh- RAM mở rộng đến 8GB,Vivo
272222033,7347878.787878788,4.8,0,0,14.424242424242424,Máy đọc sách Boox Palma - Hàng Chính Hãng,Onyx Boox
272234493,5621352.94117647,0.0,4,22556000,29.676470588235293,Điện thoại Samsung Galaxy M34 5G (8GB/128GB) - Hàng chính hãng,Samsung
272238679,3037000.0,0.0,0,0,0.0,Điện thoại Samsung Galaxy A05 (4GB/128GB) - Hàng chính hãng,Samsung
272241346,3201500.0,0.0,0,0,20.11764705882353,Điện thoại Samsung Galaxy A05s (4GB/128GB) - Hàng chính hãng,Samsung
272270730,3037000.0,0.0,0,0,0.0,Điện thoại Samsung Galaxy A05 (4GB/128GB) - Hàng chính hãng ,Samsung
272273680,3282529.411764706,0.0,0,0,17.647058823529413,Điện thoại Samsung Galaxy A05s (4GB/128GB) - Hàng chính hãng ,Samsung
272328188,3037000.0,0.0,0,0,0.0,Điện Thoại Samsung A05 4GB/128GB - Hàng Chính Hãng,Samsung
272348047,2989323.529411765,5.0,0,0,25.0,Điện Thoại Samsung A05s 4GB/128GB - Hàng Chính Hãng,Samsung
272392928,3037000.0,0.0,0,0,0.0,Điện thoại Samsung Galaxy A05 (4GB/128GB) - Hàng chính hãng - ĐÃ KÍCH HOẠT BẢO HÀNH ĐIỆN TỬ,Samsung
272394241,3625000.0,0.0,0,0,0.0,Điện thoại Samsung Galaxy A05s (4Gb/128Gb) - Hàng chính hãng - Đã kích hoạt bảo hành điện tử,Samsung
272850971,2374294.117647059,5.0,1,2369000,20.823529411764707,"Điện thoại Libero 5G III - 4/64GB Dimensity 700 ,Màn OLED ,Kháng nước IP57 - Hàng nhập khẩu nhật ",Tecno
273029857,3625000.0,5.0,0,0,0.0,Điện Thoại Samsung Galaxy A05s (4GB/128GB) - Hàng Chính Hãng ,Samsung
273185467,3037000.0,0.0,0,0,0.0,Điện thoại Samsung A05 4GB - hàng chính hãng,Samsung
273186334,3625000.0,0.0,0,0,0.0,Điện thoại Samsung Galaxy A05s 4GB/128GB- Hàng Chính hãng,Samsung
273227290,11178277.0,0.0,0,0,0.0,"Combo Máy đọc sách Kindle Scribe kèm bút – thế hệ đầu tiên có thể đọc và viết, màn hình 10,2” 300PPI, đèn vàng warmlight, bộ nhớ 16-64GB, đồng bộ dữ liệu qua Microsoft Word - hàng nhập khẩu",Kindle
273232944,4990000.0,5.0,0,0,0.0,Máy tính bảng Masstel Tab 10.4 - Hàng chính hãng,Masstel
273252926,3270764.705882353,0.0,0,0,17.941176470588236,Điện Thoại Oppo A18 (4GB/128GB) - Hàng Chính Hãng,OPPO
273258825,2908823.529411765,4.8,59,171430000,26.38235294117647,Điện thoại Samsung Galaxy A05s (4GB/128GB) - Đã kích hoạt bảo hành điện tử - Hàng chính hãng,Samsung
273258830,47111090.90909091,2.727272727272727,4,12148000,0.0,Điện thoại Samsung Galaxy A05 (4GB/128GB) - Đã kích hoạt bảo hành điện tử - Hàng chính hãng,Samsung
273359059,4990000.0,0.0,1,4990000,0.0,"Điện Thoại Chắc Chắn OUKITEL WP23 PRO ( Ram 16Gb(8GB+8Gb),Rom 128GB ,Android13, Pin 10600mAh,Màn hình 6.52 ""HD + ,13MP camera Sau,chống nước,chống va đập)-hàng chính hãng",Oukitel
273366296,7990000.0,0.0,0,0,0.0,"ulefone Armor 24 (TIÊU CHUẨN MIL-STD-810H ,IP69K, chống nước ,chống sốc,pin 22000mah , màn hình6,78 inch, NFC, Ram24GB(12Gb+12Gb),rom 256GB)-hàng chính hãng ",Ulefone
273373420,2799000.0,4.0,0,0,9.0,Điện thoại Xiaomi Redmi 13C (4GB/128GB) - Hàng chính hãng - Bảo hành 18 tháng,Xiaomi
273373436,3050764.705882353,5.0,1,3029000,11.647058823529411,Điện thoại Xiaomi Redmi 13C (6GB/128GB) - Hàng chính hãng - Bảo hành 18 tháng,Xiaomi
273373436,3050764.705882353,5.0,1,3029000,11.647058823529411,Điện thoại Xiaomi Redmi 13C (8GB/256GB) - Hàng chính hãng - Bảo hành 18 tháng,Xiaomi
273407277,11970000.0,0.0,0,0,0.0,"Máy tính bảng chắc chắn Oukitel RT7 5G(Chống va đập,Màn hình 10.1"" FHD+,Pin 32000mAh ,Ram 24GB,Rom 256GB, Android 13,Camera sau 48MP, tầm nhìn ban đêm 20MP,camera trước 32MP,5G) – hàng chính hãng",Oukitel
273411988,3083705.882352941,5.0,0,0,11.558823529411764,"Điện thoại Xiaomi Redmi 13C (6+128GB) | 6.74"" 90Hz| Media Tek Helio G85| 5000mAh - Hàng chính hãng",Xiaomi
273411988,3083705.882352941,5.0,0,0,11.558823529411764,"Điện thoại Xiaomi Redmi 13C (8+256GB) | 6.74"" 90Hz| Media Tek Helio G85| 5000mAh - Hàng chính hãng",Xiaomi
273412211,2790545.4545454546,0.0,0,0,15.0,"Điện thoại Xiaomi Redmi 13C (4+128GB) | 6.74"" 90Hz| Media Tek Helio G85| 5000mAh - Hàng chính hãng",Xiaomi
273430216,8980000.0,0.0,0,0,0.0,"Điện thoại Ulefone Armor 13 (pin khủng,pin 13.200mAh, Ram 8Gb,Rom 256Gb,chống sốc,chống va đập,nội soi,tia hồng ngoại,tia lade,loa to,học online)- hàng chính hãng",Ulefone
273438458,3037000.0,0.0,0,0,0.0,Điện thoại Samsung Galaxy A05 (4GB/128GB)- Helio G85 - Sạc nhanh 25W - Hàng chính hãng,Samsung
273438724,3273117.6470588236,0.0,0,0,17.647058823529413,"Điện Thoại Samsung A05s 4GB/128GB , Snapdragon 680 , Sạc nhanh 25W - Hàng Chính Hãng",Samsung
273440662,2904352.9411764704,5.0,0,0,18.88235294117647,"Điện thoại Xiaomi Redmi 12 (4GB/128GB) , Helio G88 , Màn 90HZ - Hàng nhập khẩu nhật",Xiaomi
273454566,2730212.121212121,4.5,0,0,16.939393939393938,Điện thoại Xiaomi POCO C65 (6GB/128GB) - Helio G85 - Màn 90HZ - Hàng chính hãng,Xiaomi
273498357,3423333.3333333335,3.8,12,28680000,1.9393939393939394,Điện Thoại Itel S23 16GB(8GB+8GB)/256GB | Pin 5000mAh | 6.6 Inch | Camera 50MP | HÀNG CHÍNH HÃNG,Itel
273559020,3590000.0,4.696969696969697,0,0,10.0,Máy tính bảng Kindle Fire HD10 2023 13th - 32Gb - Hàng chính hãng,Kindle
273595363,11990000.0,5.0,0,0,0.0,"Oukitel wp30 Pro 5g SIÊU BỀN (sạc nhanh 120W ,pin 11000 mAh,màn hình 6.78 inch,Ram 24 GB(12gb + 12GB),Rom 512GB ,120Hz ,Android 13,camera 108mp)- hàng chính hãng",Oukitel
273610105,2875000.0,0.0,0,0,0.0,Điện Thoại Samsung Galaxy A05 - Hàng Chính Hãng,Samsung
273610368,5521818.181818182,5.0,539,2932040000,15.969696969696969,Điện Thoại Samsung Galaxy A25 5G (6GB/128GB) - Hàng chính hãng,Samsung
273636845,2875000.0,0.0,0,0,0.0,Điện Thoại Samsung Galaxy A05 (4GB/64GB) - Hàng Chính Hãng,Samsung
273653444,3790000.0,0.0,0,0,0.0,Máy tính bảng Kindle Fire Hd 10 2023 13th - Hàng nhập khẩu,Kindle
273664463,3418393.9393939395,5.0,2,6358000,14.151515151515152,Điện Thoại Oppo A18 4GB/128GB - Hàng Chính Hãng,OPPO
273683300,4558000.0,0.0,1,4990000,8.705882352941176,Điện thoại Samsung Galaxy A15 LTE (8GB/128GB) - Hàng chính hãng,Samsung
273684137,1990000.0,4.6,1,1990000,0.0,Máy tính bảng quản lý thời gian sử dụng dành cho trẻ em Tab8 Kidzone-1 đổi 1 trong vòng 100 ngày,Masstel
273718967,4046147.0588235296,5.0,5,20180000,18.91176470588235,Điện Thoại Samsung A15 8GB/128GB - Hàng Chính Hãng,Samsung
273872197,2635060.606060606,5.0,2,5298000,34.0,Máy Tính Bảng Samsung Galaxy Tab A9 Wifi 4GB/64GB - Hàng Chính Hãng,Samsung
273942001,4003636.3636363638,4.8,16,63990000,9.030303030303031,Điện thoại Xiaomi Redmi Note 13 (6GB/128GB) - Hàng chính hãng,Xiaomi
273951550,3956060.606060606,5.0,62,244900000,18.424242424242426,Điện Thoại Samsung Galaxy A15 LTE (8GB/128GB)- Đã Kích Hoạt Bảo Hành Điện tử - Hàng Chính Hãng,Samsung
273958512,4131941.1764705884,0.0,0,0,15.852941176470589,Điện thoại Xiaomi Redmi Note 13 (6GB/128GB) - Hàng chính hãng,Xiaomi
273990229,4191848.484848485,5.0,0,0,14.181818181818182,Điện Thoại Xiaomi Redmi Note 13 6GB/128GB - Hàng Chính Hãng,Xiaomi
274019962,552030.303030303,4.696969696969697,1,549000,17.515151515151516,"Điện thoại Masstel Fami 8 4G(LTE) Gọi HD call , Bàn phím chữ số lớn,Loa to - Hàng chính hãng",Masstel
274030201,2849588.2352941176,0.0,0,0,20.941176470588236,Điện thoại TECNO SPARK 10 8GB/128GB - Hàng Chính Hãng,Tecno
274037360,2754705.882352941,4.8,1045,2811050000,10.882352941176471,Điện Thoại POCO C65 (6GB/128GB) - Hàng Chính Hãng,POCO
274037365,3020909.090909091,4.8545454545454545,2185,6533150000,13.909090909090908,Điện Thoại POCO C65 (8GB/256GB) - Hàng Chính Hãng,POCO
274059475,26160303.03030303,5.0,0,0,22.78787878787879,Điện Thoại Samsung Galaxy S24 Ultra (12GB/256GB) - Hàng Chính Hãng,Samsung
274065746,8990000.0,0.0,0,0,0.0,"Điện thoại siêu bền Oukitel WP33 Pro 5G (Loa to 136 dB (5W) ,Pin 22000mAh,màn hình 6,6 inch FHD+,Ram 24GB(8+16),Rom 256GB, Camera 64MP,sạc nhanh 33W)- hàng chính hãng",Oukitel
274069052,5484117.647058823,5.0,55,301950000,31.11764705882353,Điện Thoại Xiaomi Redmi Note 12 Pro 4G 8GB/256GB - Hàng Chính Hãng,Xiaomi
274099409,5028470.588235294,5.0,0,0,4.9411764705882355,Điện Thoại Xiaomi Redmi Note 13 8GB/128GB - Hàng Chính Hãng,Xiaomi
274101255,2542941.1764705884,4.8,45,114090000,28.058823529411764,Máy Tính Bảng Samsung Galaxy Tab A9 Wifi 4GB/64GB - Hàng Chính Hãng,Samsung
274101262,3934705.882352941,4.7,304,1181400000,27.91176470588235,Máy Tính Bảng Samsung Galaxy Tab A9 Plus Wifi 4GB/64GB - Hàng Chính Hãng,Samsung
274171148,3476176.470588235,4.923529411764706,1063,3706030000,13.323529411764707,Điện thoại Oppo A38 (4GB/128GB) - Hàng Chính Hãng,OPPO
274191773,2470575.757575758,5.0,1,2459000,17.575757575757574,"Điện thoại ZTE Libero 5G IV - 4GB/128GB Dimensity 700 , Kháng nước IP67 , Sạc nhanh 22,5W - Mới nguyên seal - Hàng nhập khẩu",Tecno
274257669,461352.9411764706,4.705882352941177,1,459000,18.58823529411765,Điện thoại Masstel Izi S1 4G (LTE) Gọi HD Call - Hàng chính hãng,Masstel
274364026,4357647.05882353,0.0,0,0,33.26470588235294,Máy tính bảng học tập thông minh Nexta Edutab Pro cho trẻ 9-12 tuổi - giải pháp học tập - quản lý thời gian cho trẻ - bảo hảnh 12 tháng,Nexta
274375122,7290000.0,0.0,0,0,0.0,Điện thoại Xiaomi Redmi Note 13 Pro 4G (8GB/128GB) - Hàng chính hãng,Xiaomi
274378214,8970000.0,0.0,0,0,0.0,"Điện thoại Ulefone Note 17 Pro(Ram 12Gb,Rom 256Gb,Android 13,camera 108MP, MediaTek Helio G99,sạc nhanh 33W,Màn hình AMOLED 6.78 inch,pin 5.050mAh)- hàng chính hãng",Ulefone
274392442,4389000.0,0.0,0,0,12.0,Điện thoại Oppo A38 - Hàng chính hãng,OPPO
274393574,2759000.0,0.0,0,0,11.0,Điện thoại Xiaomi Poco C65 - Hàng chính hãng,Xiaomi
274405521,2713470.588235294,5.0,1,2739000,9.294117647058824,Điện Thoại Samsung A05 4GB/64GB - Hàng Chính Hãng,Samsung
274415640,6224303.03030303,0.0,4,24116000,14.727272727272727,Điện Thoại Xiaomi Redmi Note 13 Pro 8GB/128GB - Hàng Chính Hãng,Xiaomi
274456447,8259382.352941177,0.0,0,0,0.38235294117647056,Điện thoại Samsung Galaxy A35 5G (8GB/128GB) - Hàng chính hãng,Samsung
274516951,461352.9411764706,4.705882352941177,1,459000,18.58823529411765,"Điện thoại Masstel izi 16 4G(LTE) , Bàn phím nổi, FM không dây - Hàng chính hãng",Masstel
274524050,540176.4705882353,5.0,0,0,3.764705882352941,"Điện thoại Masstel izi T2 4G(LTE), Màn hình 2.4 inch, Đèn pin siêu sáng, Loa to - Hàng chính hãng",Masstel
274536294,4226176.470588235,5.0,88,374000000,3.088235294117647,Máy đọc sách Kindle Paperwhite 5 (16GB) - Đen - KHÔNG QUẢNG CÁO - Hàng chính hãng,Kindle
274541336,2990000.0,0.0,0,0,0.0,Điện thoại vivo Y03t (4GB+64GB) - Hàng chính hãng - 1 đổi 1 trong tháng đầu tiên - Bảo hành 12 tháng,Vivo
274544634,3099000.0,5.0,1,3099000,14.0,"Điện thoại Redmi Note 12R 5G 6/128GB Snapdragon 4 Gen 2, Rom Quốc tế có sẳn Tiếng việt - Hàng nhập khẩu",Xiaomi
274550926,2290000.0,4.988235294117647,476,1090040000,23.0,Điện thoại Realme C60 (4GB/64GB) - Hàng Chính Hãng,Realme
274560616,3107647.0588235296,5.0,0,0,22.058823529411764,"Máy tính bảng học tập thông minh Nexta Edutab Kid cho bé từ 5-8 tuổi - quản lý thời gian cho trẻ - 1 đổi 1 trong vòng 30 ngày, bảo hành 12 tháng",Nexta
274610380,21410588.23529412,0.0,2,45980000,6.882352941176471,Điện thoại Samsung Galaxy S24 8GB/256GB - Độc quyền Online - Hàng chính hãng,Samsung
274610468,24771818.181818184,0.0,1,26490000,6.545454545454546,Điện thoại Samsung Galaxy S24 8GB/512GB - Độc quyền Online - Hàng chính hãng,Samsung
274617822,32559696.96969697,0.0,0,0,4.181818181818182,Điện thoại Samsung Galaxy S24 Ultra 12GB/256GB - Độc quyền Online - Hàng chính hãng,Samsung
274619667,35969411.76470588,0.0,1,37490000,4.029411764705882,Điện thoại Samsung Galaxy S24 Ultra 12GB/512GB - Độc quyền Online - Hàng chính hãng,Samsung
274625697,29196060.606060605,0.0,0,0,4.242424242424242,Điện thoại Samsung Galaxy S24+ 12GB/512GB - Độc quyền Online - Hàng chính hãng,Samsung
274625942,22922352.94117647,0.0,0,0,8.352941176470589,Máy tính bảng Samsung Galaxy Tab S9 12GB_256GB - Hàng chính hãng,Samsung
274625981,20922352.94117647,0.0,0,0,8.823529411764707,Máy tính bảng Samsung Galaxy Tab S9 8GB_128GB - Hàng chính hãng,Samsung
274638430,2659588.2352941176,5.0,5,13315000,26.0,"Điện thoại Redmi Note 13R 5G 4GB/128GB Dimensity 6100+ , Màn 90Hz , Rom quốc tế có sẳn Tiếng việt - Hàng nhập khẩu",Xiaomi
274638556,2000000.0,0.0,0,0,0.0,BÚT MÁY ĐỌC SÁCH KINDLE SCRIBE - HÀNG CHÍNH HÃNG,Kindle
274681248,6856470.588235294,4.8,19,129010000,17.235294117647058,Điện Thoại Samsung Galaxy A35 5G (8GB/128GB)- Đã Kích Hoạt Điện Tử- Hàng Chính Hãng,Samsung
274681250,8399117.647058824,5.0,14,116900000,13.588235294117647,Điện Thoại Samsung Galaxy A55 5G (8GB/128GB)- Đã Kích Hoạt Điện Tử- Hàng Chính Hãng,Samsung
274721226,2984705.882352941,4.882352941176471,10,29880000,17.5,Điện thoại Realme C65 (6GB/128GB) - Hàng Chính Hãng,Realme
274721231,3643823.529411765,4.9411764705882355,4,14510000,24.08823529411765,Điện thoại Realme C65 (8GB/256GB) - Hàng Chính Hãng,Realme
274839897,11013030.303030303,0.0,0,0,8.121212121212121,Máy tính bảng Samsung Galaxy Tab S9 FE 5G 6GB/128GB - Hàng chính hãng,Samsung
274839974,9117258.823529411,5.0,0,0,8.823529411764707,Máy tính bảng Samsung Galaxy Tab S9 FE Wifi 6GB/128GB - Hàng chính hãng,Samsung
274840015,10957647.05882353,4.0,0,0,8.705882352941176,Máy tính bảng Samsung Galaxy Tab S9 FE Wifi 8GB/256GB - Hàng chính hãng - Giao hàng sau 20 ngày,Samsung
274840089,19166532.352941178,0.0,0,0,4.117647058823529,Máy tính bảng Samsung Galaxy Tab S9 Wifi 8GB_128GB - Hàng chính hãng,Samsung
274840120,12915800.0,0.0,0,0,7.617647058823529,Máy tính bảng Samsung Galaxy Tab S9 FE+ (WiFi) 8GB/128G - Hàng chính hãng,Samsung
274840632,2399000.0,0.0,0,0,17.0,Điện thoại Xiaomi Redmi A3 - Hàng chính hãng,Xiaomi
274857095,2997090.909090909,5.0,2,5158000,3.090909090909091,Điện Thoại Xiaomi POCO C65 6GB/128GB - Hàng Chính Hãng,Xiaomi
274866839,3559111.7647058824,0.0,0,0,11.0,Máy tính bảng Samsung Galaxy Tab A9 (Wi-Fi) 4GB/64GB - Hàng chính hãng,Samsung
274868043,5483617.647058823,0.0,0,0,8.5,Máy tính bảng Samsung Galaxy Tab A9+ Wi-Fi 4GB/64GB - Hàng chính hãng,Samsung
274868116,7673529.411764706,5.0,0,0,9.5,Máy tính bảng Samsung Galaxy Tab A9+ 5G 8GB/128GB - Hàng chính hãng,Samsung
274869053,326900.0,0.0,0,0,0.0,"Điện thoại cố định Panasonic KX-TS 500 (Đen, trắng, xanh, đỏ, xám) -Hàng Chính Hãng",Panasonic
274904904,2699000.0,0.0,0,0,32.0,Máy tính bảng Samsung Galaxy Tab A9 Wifi / LTE (4GB/64GB) - Hàng chính hãng,Samsung
274908645,4990000.0,0.0,0,0,0.0,"Ulefone Armor 16S (loa toHiFi 122dB ,NFC, chống nước,chống sốc,Ram 16GB,rom128GB ,Camera 50MP,pin 9600mAh,Màn hình 5.93 inch)- hàng chính hãng",Ulefone
274946446,6829117.647058823,4.8,7,47250000,19.147058823529413,Điện Thoại POCO X6 5G (8GB/256GB) - Hàng Chính Hãng,POCO
274948704,7966470.588235294,4.847058823529411,4,29000000,11.176470588235293,Điện Thoại POCO X6 5G (12GB/256GB) - Hàng Chính Hãng,POCO
274958815,5748823.529411765,0.0,0,0,11.588235294117647,Samsung Galaxy Tab A9 (LTE) 8GB/128GB - Hàng chính hãng,Samsung
274958868,19922352.94117647,0.0,0,0,9.294117647058824,Samsung Galaxy Tab S9 Wifi 12GB/256GB - Hàng chính hãng,Samsung
274959118,3666470.588235294,5.0,0,0,9.529411764705882,Điện thoại Tecno POVA 5 8GB/128GB  Hàng Chính Hãng,Tecno
274959691,4297878.787878788,4.9363636363636365,13,55770000,5.818181818181818,Điện thoại Tecno SPARK 20 Pro+ 8GB/256GB - Hàng chính hãng,Tecno
275042829,27357647.05882353,5.0,27,728730000,1.8529411764705883,Apple iPad Pro M4 11-Inch Wi-Fi,Apple
275042833,31072727.272727273,0.0,0,0,9.818181818181818,Apple iPad Pro M4 11-Inch Wi-Fi+ Cellular,Apple
275044287,9990000.0,0.0,0,0,0.0,"Máy tính bảng siêu bền Ulefone Armor Pad 3 Pro (Pin 33280 mAh,chống nước,chống va đập,RAM 16GB (8+8), ROM 256GB ,camera 50MP,Màn hình 10.36 Inch)-hàng chính hãng",Ulefone
275108186,4172352.9411764704,0.0,0,0,0.4117647058823529,Điện thoại vivo Y18s (6GB+128GB) - Hàng chính hãng - Bảo hành 1 đổi 1 trong tháng đầu tiên,Vivo
275152276,5490000.0,4.0,2,10980000,0.0,Điện thoại Tecno Spark 20 Pro+ (8+8)GB/256GB - Hàng Chính Hãng,Tecno
275206906,5373529.411764706,4.7,1,6090000,17.08823529411765,Điện thoại Tecno Camon 30 (8GB/256GB) - Hàng Chính Hãng,Tecno
275237083,1376363.6363636365,5.0,21,28940000,13.666666666666666,Điện thoại Nokia 3210 - Hàng Chính Hãng,Nokia
275295006,1599000.0,5.0,1,1599000,0.0,Máy tính bảng cho trẻ chống sốc 10.1 inch TEKKIN TI-8010 cpu 4 nhân 4gb 64gb - hàng nhập khẩu,TEKKIN
275295008,999000.0,5.0,2,1998000,0.0,Máy tính bảng cho trẻ em chống sốc 7 inch TEKKIN TI-868 cpu 4 nhân 2gb 32gb - hàng nhập khẩu,TEKKIN
275307093,5028823.529411765,4.8,17,85550000,23.38235294117647,Điện Thoại Samsung Galaxy A25 5G (6GB/128GB) - Đã kích hoạt bảo hành điện tử - Hàng Chính Hãng,Samsung
275335546,5990000.0,0.0,0,0,0.0,Máy tính bảng Samsung Galaxy Tab A9+ Wifi - Hàng chính hãng,Samsung
275349801,3149117.6470588236,4.376470588235294,13,40950000,21.029411764705884,Điện thoại Xiaomi Redmi 13C (8GB/256GB) - Hàng chính hãng,Xiaomi
275386374,5490000.0,0.0,0,0,0.0,Điện Thoại Oppo A60 8GB/128GB - Hàng Chính Hãng,OPPO
275386649,1592969.696969697,5.0,0,0,0.0,Điện Thoại Nokia 3210 4G - Hàng Chính Hãng,Nokia
275386982,1044794.1176470588,5.0,0,0,0.0,Điện Thoại Nokia 220 4G - Hàng Chính Hãng,Nokia
275407523,6963529.411764706,4.0,0,0,6.823529411764706,Máy đọc sách Pocketbook Era Color- Hàng chính hãng,Pocketbook
275432684,885029.4117647059,4.538235294117647,43,37972000,11.5,Điện thoại Nokia 220 4G - Hàng chính hãng,Nokia
275492145,11111764.705882354,4.7,3,33370000,22.676470588235293,Máy đọc sách Boox Go 10.3 - Hàng chính hãng,Onyx Boox
275496965,7213939.393939394,5.0,30,216000000,12.424242424242424,Máy đọc sách Boox Go Color 7- Đen - Hàng chính hãng,Onyx Boox
275504632,28116470.588235293,0.0,0,0,2.911764705882353,Điện thoại Samsung Galaxy Z Flip6 12GB/256GB - Độc quyền online - Hàng chính hãng,Samsung
275510578,7154117.647058823,0.0,336,2407440000,4.9411764705882355,Điện thoại OPPO A79 5G (8GB/256GB) - Hàng Chính Hãng,OPPO
275510579,8783823.529411765,3.676470588235294,0,0,7.088235294117647,Điện thoại OPPO Reno12F 5G (8GB/256GB) - Hàng Chính Hãng,OPPO
275543355,32116470.588235293,0.0,0,0,2.6470588235294117,Điện thoại Samsung Galaxy Z Flip6 12GB/512GB - Độc quyền online - Hàng chính hãng,Samsung
275543365,43116470.5882353,0.0,1,43990000,2.0294117647058822,Điện thoại Samsung Galaxy Z Fold6 12GB/256GB - Độc quyền online - Hàng chính hãng,Samsung
275543373,47116470.5882353,0.0,1,47990000,1.7647058823529411,Điện thoại Samsung Galaxy Z Fold6 12GB/512GB - Độc quyền online - Hàng chính hãng,Samsung
275543388,53617272.72727273,0.0,0,0,2.393939393939394,Điện thoại Samsung Galaxy Z Fold6 12GB/1TB - Độc quyền online - Hàng chính hãng,Samsung
275571989,23707647.05882353,5.0,70,1626800000,17.0,Điện thoại Samsung Galaxy Z Flip6 (12GB/ 256GB) - Hàng Chính Hãng,Samsung
275571990,26991212.12121212,0.0,1,27990000,18.0,Điện thoại Samsung Galaxy Z Flip6 (12GB/ 512GB) - Hàng chính hãng,Samsung
275572013,37784117.64705882,5.0,0,0,14.294117647058824,Điện thoại Samsung Galaxy Z Fold6 (12GB/ 256GB) - Hàng Chính Hãng,Samsung
275577204,2619000.0,0.0,0,0,6.0,Điện thoại Realme C60 (4GB/64GB) - Hàng chính hãng,Realme
275583780,7690000.0,0.0,0,0,3.5294117647058822,Máy tính bảng Xiaomi Redmi Pad Pro 8GB/128GB - Hàng chính hãng,Xiaomi
275583783,5282727.2727272725,0.0,1,5490000,4.151515151515151,Máy tính bảng Xiaomi Redmi Pad SE 6GB/128GB - Hàng chính hãng,Xiaomi
275583785,6720303.03030303,0.0,0,0,1.9696969696969697,Máy tính bảng Xiaomi Redmi Pad Pro 6GB/128GB - Hàng chính hãng,Xiaomi
275583801,4310588.235294118,5.0,19,82210000,13.588235294117647,Điện thoại Xiaomi Redmi Note 13 (8GB/128GB) - Hàng chính hãng,Xiaomi
275585819,890735.2941176471,4.8,27,24095000,31.0,Máy tính bảng Alcatel Tab 3T8 (2GB/32GB) - Hàng chính hãng,Alcatel
275588494,1750000.0,0.0,3,5250000,0.0,Máy tính bảng 10.1 inch TEKKIN TI-8020 cpu 4 nhân 2.0ghz ram 8gb 64gb tặng bao da - hàng nhập khẩu,TEKKIN
275589387,1045764.7058823529,5.0,1,999000,19.41176470588235,Điện thoại Nokia 220 4G - Hàng chính hãng,Nokia
275589968,1612382.3529411764,0.0,1,1599000,4.264705882352941,Điện thoại Nokia 3210 4G - Hàng chính hãng,Nokia
275618841,2489705.882352941,4.9941176470588236,6,14940000,13.970588235294118,Điện thoại Realme Note 50 4GB/128GB - Hàng chính hãng,Realme
275621214,8179882.352941177,0.0,0,0,13.735294117647058,Điện Thoại Oppo Reno12 F 5G 8GB/256GB - Hàng Chính Hãng,OPPO
275621450,2810212.121212121,0.0,0,0,9.030303030303031,Điện Thoại Xiaomi Redmi 13C 4GB/128GB - Hàng Chính Hãng,Xiaomi
275627388,6362529.411764706,0.0,0,0,15.147058823529411,Điện Thoại Oppo A79 5G 8GB/256GB - Hàng Chính Hãng,OPPO
275629952,10942727.272727273,0.0,0,0,15.606060606060606,Máy đọc sách Kindle Scribe kèm bút Kèm bút Premium - Hàng chính hãng,Kindle
275695395,27137058.82352941,0.0,0,0,6.352941176470588,Điện thoại Samsung Galaxy Z Flip6 (12GB/256GB) - Hàng chính hãng,Samsung
275716541,2785882.3529411764,4.705882352941177,0,0,22.11764705882353,Điện thoại Realme C61 (4GB/128GB) - Hàng Chính Hãng,Realme
275746497,2360470.588235294,0.0,0,0,5.0,Điện thoại Realme Note 50 (3GB/64GB) - Hàng chính hãng,Realme
275761381,16890000.0,0.0,1,16890000,0.0,Điện thoại Samsung Galaxy S23 FE (8GB/256GB) - Hàng chính hãng,Samsung
275773333,7369500.0,0.0,0,0,7.970588235294118,Điện thoại Xiaomi Redmi Note 13 Pro 8GB/256GB - Hàng Chính Hãng,Xiaomi
275773400,4790000.0,0.0,0,0,0.0,Điện thoại realme C53 (8GB/256GB) - Hàng Chính Hãng,Realme
275773410,9400382.352941176,0.0,0,0,0.9411764705882353,Điện thoại vivo V30e 5G 8GB/256GB - Hàng Chính Hãng,Vivo
275773434,4490000.0,0.0,0,0,0.0,Xiaomi Redmi Pad SE (4+128G) Xám - Hàng chính hãng - Hàng Chính Hãng,Xiaomi
275773439,2377205.882352941,0.0,0,0,4.4411764705882355,Điện thoại Xiaomi Redmi A3 (3GB/64GB) - Hàng Chính Hãng,Xiaomi
275773451,5311573.529411765,0.0,1,5215500,3.323529411764706,OPPO A60 128GB - Hàng Chính Hãng,OPPO
275773463,7423102.94117647,0.0,0,0,3.3823529411764706,Điện thoại HONOR X8b 512GB - Hàng Chính Hãng,Honor
275773550,4424691.176470588,0.0,0,0,1.4411764705882353,Điện thoại vivo Y18 - Hàng Chính Hãng,Vivo
275773562,3156794.117647059,0.0,0,0,3.9411764705882355,Điện thoại vivo Y03 128GB - Hàng Chính Hãng,Vivo
275773755,8982515.151515152,5.0,0,0,5.242424242424242,Điện thoại Xiaomi Redmi Note 13 Pro 5G - Hàng Chính Hãng,Xiaomi
275773774,5631264.705882353,0.0,0,0,6.147058823529412,Điện thoại Xiaomi Redmi Note 13 (8GB/256GB) - Hàng chính hãng - Hàng Chính Hãng,Xiaomi
275773881,2423911.7647058824,0.0,0,0,2.6470588235294117,Điện thoại realme Note 50 64GB - Hàng Chính Hãng,Realme
275773888,3290000.0,0.0,0,0,0.0,Điện thoại OPPO A18 64GB - Hàng Chính Hãng,OPPO
275773905,2377205.882352941,0.0,0,0,4.4411764705882355,Điện thoại HONOR X5 Plus - Hàng Chính Hãng,Honor
275774235,13608424.242424242,0.0,0,0,2.8484848484848486,OPPO Reno12 5G 12G/512GB (Hồng) - Hàng Chính Hãng,OPPO
275774241,9200558.823529411,0.0,0,0,3.0294117647058822,OPPO Reno12 F 5G 8GB Xanh Lá - Hàng Chính Hãng,OPPO
275774243,9663823.529411765,5.0,0,0,3.264705882352941,OPPO Reno12 F 5G 12GB/256GB - Hàng Chính Hãng,OPPO
275774445,5311573.529411765,0.0,0,0,3.323529411764706,Máy tính bảng OPPO Pad Air WiFi 4GB/64GB - Hàng Chính Hãng,OPPO
275774447,7860735.294117647,0.0,2,15980000,1.588235294117647,Máy tính bảng OPPO Pad Neo 4G 8GB/128GB - Hàng Chính Hãng,OPPO
275774606,5640544.117647059,0.0,0,0,2.6176470588235294,Máy tính bảng Xiaomi Redmi Pad SE WiFi 8GB/256GB - Hàng Chính Hãng,Xiaomi
275774628,2868250.0,0.0,0,0,3.9705882352941178,Xiaomi Redmi A3 (4+128G) Xanh lá - Hàng Chính Hãng,Xiaomi
275774745,5767088.235294118,0.0,0,0,0.4117647058823529,Vivo Y28 8- 128 Cam vàng - Hàng Chính Hãng,Vivo
275774747,4488969.696969697,5.0,0,0,4.242424242424242,Xiaomi Redmi 13 (8+128G) - Hàng Chính Hãng,Xiaomi
275774759,5750058.823529412,0.0,0,0,0.7058823529411765,Điện thoại vivo Y28 8GB/128GB - Hàng Chính Hãng,Vivo
275774892,4093706.117647059,0.0,0,0,4.764705882352941,Xiaomi Redmi 13 (6+128G) - Hàng Chính Hãng,Xiaomi
275775340,3628838.2352941176,0.0,0,0,4.264705882352941,Máy tính bảng TCL Tab 10 Gen 2 4G 4GB/64GB - Hàng Chính Hãng,TCL
275775799,2785073.529411765,0.0,0,0,3.4411764705882355,Điện thoại realme Note 50 128GB Xanh Dương - Hàng Chính Hãng,Realme
275775805,2870411.7647058824,0.0,0,0,3.8529411764705883,Điện thoại Xiaomi Redmi A3 (4GB/128GB) - Hàng Chính Hãng,Xiaomi
275775811,2837121.212121212,0.0,0,0,1.7878787878787878,Điện thoại realme Note 50 128GB - Hàng Chính Hãng,Realme
275775836,5002147.05882353,0.0,0,0,5.705882352941177,Điện thoại Xiaomi Redmi Note 13 (8GB/128GB) - Hàng Chính Hãng,Xiaomi
275775850,5296176.470588235,0.0,0,0,3.588235294117647,Điện thoại OPPO A58 8GB - Hàng Chính Hãng,OPPO
275775866,7990191.176470588,0.0,1,7890000,2.1470588235294117,Điện thoại Xiaomi Redmi Note 13 Pro 5G 8GB/256GB - Hàng Chính Hãng,Xiaomi
275775883,2869705.882352941,0.0,0,0,3.911764705882353,Điện thoại vivo Y03 4GB/64GB - Hàng Chính Hãng,Vivo
275775887,3843220.588235294,0.0,0,0,3.8529411764705883,Điện thoại vivo Y18 4GB/128GB - Hàng Chính Hãng,Vivo
275775981,16990000.0,0.0,0,0,0.0,Điện thoại OPPO Reno11 Pro 5G - Hàng Chính Hãng,OPPO
275776790,6256227.2727272725,0.0,0,0,3.727272727272727,OPPO A60 256GB - Hàng Chính Hãng,OPPO
275778981,5302121.212121212,5.0,6,31740000,17.87878787878788,Điện thoại Tecno Pova 6 8GB/256GB - Hàng Chính Hãng,Tecno
275913708,346382.35294117645,4.791176470588235,37,12770000,4.294117647058823,Điện thoại Itel it8010 4G - Hàng Chính Hãng,Itel
275913711,443235.29411764705,4.247058823529412,1,450000,9.352941176470589,Điện thoại Itel it2600 4G - Hàng Chính Hãng,Itel
275915202,3510588.2352941176,0.0,6,20940000,16.5,Điện thoại Vivo Y18s ( 6GB/128GB) - Hàng Chính Hãng,Vivo
275916954,3849073.529411765,0.0,0,0,3.735294117647059,Điện thoại HONOR X6b 6GB/128GB - Hàng Chính Hãng,Samsung
275966298,8123127.2727272725,0.0,0,0,2.1515151515151514,Điện Thoại Samsung Galaxy A35 8GB/128GB - Hàng Chính Hãng,Samsung
275966307,9747678.787878787,0.0,0,0,2.4242424242424243,Điện Thoại Samsung Galaxy A55 8GB/128GB - Hàng Chính Hãng,Samsung
276025189,7990000.0,0.0,0,0,0.0,Điện thoại Xiaomi Redmi Note 13 Pro 8GB/256GB - Hàng Chính Hãng,Xiaomi
276032851,2844117.6470588236,2.5,2,5700000,27.08823529411765,Điện thoại Realme Note 60 ( 6GB/128GB) - Hàng Chính Hãng,Realme
276032852,2610000.0,0.0,0,0,27.441176470588236,Điện thoại Realme Note 60 ( 4GB/128GB) - Hàng Chính Hãng,Realme
276032854,2524705.882352941,4.423529411764706,7,17590000,18.529411764705884,Điện thoại Realme Note 60 ( 4GB/64GB) - Hàng Chính Hãng,Realme
276039435,6114794.117647059,0.0,0,0,2.8823529411764706,Điện thoại Samsung Galaxy A15 5G (8GB/256GB) - Hàng chính hãng,Samsung
276043797,2215294.117647059,4.705882352941177,12,25800000,7.9411764705882355,Điện thoại Xiaomi Redmi A3 (3GB/64GB) - Hàng Chính Hãng,Xiaomi
276044893,2085294.1176470588,4.764705882352941,10,20900000,16.205882352941178,Điện thoại Xiaomi Redmi A3X (3GB/64GB) - Hàng Chính Hãng,Xiaomi
276045562,8642742.424242424,0.0,0,0,7.0606060606060606,Điện Thoại Samsung Galaxy A35 8GB/256GB - Hàng Chính Hãng,Samsung
276045754,10650657.575757576,5.0,0,0,3.1515151515151514,Điện Thoại Samsung Galaxy A55 8GB/256GB - Hàng Chính Hãng,Samsung
276045770,11221030.303030303,0.0,0,0,6.545454545454546,Điện Thoại Samsung Galaxy A55 12GB/256GB - Hàng Chính Hãng,Samsung
276046675,4507823.529411765,0.0,0,0,9.529411764705882,Điện Thoại Oppo A3 6GB/128GB - Hàng Chính Hãng,OPPO
276061374,4990000.0,0.0,0,0,0.0,Điện thoại Oppo A3 (6GB/128GB) - Hàng chính hãng,OPPO
276062770,2867235.294117647,0.0,0,0,12.852941176470589,Điện Thoại Xiaomi Redmi 14C 4GB/128GB - Hàng Chính Hãng,Xiaomi
276067924,1918235.294117647,4.794117647058823,32,64480000,10.764705882352942,Điện thoại ZTE Blade A55 (4GB/128GB) - Hàng Chính Hãng,ZTE
276074109,3781941.1764705884,0.0,0,0,11.852941176470589,Điện thoại Xiaomi Redmi 13 - Hàng chính hãng,Xiaomi
276079463,13581441.176470589,0.0,0,0,3.0294117647058822,Điện thoại OPPO Reno12 5G 12GB/512GB - Hàng Chính Hãng,OPPO
276079472,8207941.176470588,0.0,0,0,3.264705882352941,Điện thoại OPPO Reno12 F 8GB/256GB - Hàng Chính Hãng,OPPO
276079477,12575588.235294119,0.0,0,0,3.264705882352941,Điện thoại OPPO Reno 12 5G 12GB/256GB Hồng - Hàng Chính Hãng,OPPO
276079479,3860779.411764706,0.0,0,0,3.5,Điện thoại OPPO A3x 4GB/128GB - Hàng Chính Hãng,OPPO
276079491,4530073.529411765,0.0,0,0,3.4411764705882355,Điện thoại OPPO A3x 6GB/128GB - Hàng Chính Hãng,OPPO
276079496,9201308.823529411,0.0,0,0,3.0294117647058822,Điện thoại OPPO Reno12 F 5G 8GB/256GB - Hàng Chính Hãng,OPPO
276079498,3340515.1515151514,4.545454545454546,1,3390000,4.2727272727272725,Điện thoại OPPO A3x 4GB/64GB - Hàng Chính Hãng,OPPO
276079503,5117808.823529412,0.0,0,0,3.235294117647059,Điện thoại OPPO A3 8GB/128GB - Hàng Chính Hãng,OPPO
276083329,3419000.0,0.0,0,0,14.0,Điện thoại Oppo A3x (4GB/64GB) - Hàng chính hãng,OPPO
276091995,5386176.470588235,4.823529411764706,7,37690000,22.970588235294116,Điện Thoại Samsung Galaxy A25 5G (8GB/128GB) - Đã kích hoạt bảo hành điện tử - Hàng Chính Hãng,Samsung
276094658,3119411.7647058824,0.0,0,0,5.117647058823529,Điện thoại Xiaomi Redmi 14C 4GB/128GB - Hàng Chính Hãng,Xiaomi
276094665,3482529.411764706,0.0,0,0,5.382352941176471,Điện thoại Xiaomi Redmi 14C 6GB/128GB - Hàng Chính Hãng,Xiaomi
276099688,3300147.0588235296,0.7352941176470589,5,16477000,17.147058823529413,"Xiaomi Redmi Note 12 5G 8GB/128GB ,Màn AMOLED 120Hz , Snapdragon 4 Gen 1 ,Sạc 33W ,Rom tiếng việt - Hàng nhập khẩu",Xiaomi
276102293,2784705.882352941,5.0,7,19430000,15.176470588235293,Điện thoại Xiaomi Redmi 14C (4GB/128GB) - Hàng chính hãng,Xiaomi
276104423,523545.45454545453,0.0,0,0,16.393939393939394,Điện thoại Masstel izi S1 4G - Hàng chính hãng,Masstel
276109904,34538484.84848485,5.0,200,6961600000,1.2424242424242424,Apple iPhone 16 Pro Max,Apple
276110023,28787058.82352941,5.0,17,489630000,1.0,Apple iPhone 16 Pro,Apple
276110276,25876470.588235293,5.0,6,155700000,0.47058823529411764,Apple iPhone 16 Plus,Apple
276110349,22063529.411764707,5.0,36,791640000,3.7058823529411766,Apple iPhone 16,Apple
276119719,6490000.0,0.0,1,6490000,0.0,Điện thoại Xiaomi Poco M6 Pro - Hàng chính hãng,Xiaomi
276119902,6490000.0,0.0,0,0,0.0,Điện thoại Oppo A60 (8GB/128GB) - Hàng chính hãng,OPPO
276123744,528679.3939393939,0.15151515151515152,0,0,0.06060606060606061,Bộ Sạc Nhanh Baseus PowerCombo Cube Power Strip 3AC+2U+2C 30W 1.5m hàng chính hãng,Baseus
276125096,227970.58823529413,0.0,0,0,0.4117647058823529,Củ Sạc Nhanh Baseus Palm 1C 30W (For iPhone/iPad/Samsung/Google Pixel) Hàng Chính Hãng,Baseus
276132850,668090.9090909091,5.0,1,679000,0.0,Điện thoại Nokia HMD 105 4G - Hàng Chính Hãng,Nokia
276146399,1499798.8235294118,0.0,0,0,0.4117647058823529,"Tai Nghe Chụp Tai Không Dây Baseus Bowie H1 Pro ANC (Bluetooth v5.3, Hi-Res Audio, 80H,-48dB Noise-Cancellation, LHDC) hàng chính hãng",Baseus
276158234,443264.70588235295,3.5,5,2150000,9.352941176470589,Điện thoại Itel it9211 - Hàng Chính Hãng,Itel
276158277,576323.5294117647,4.667647058823529,10,5715000,11.058823529411764,Điện thoại Itel it9310 - Hàng Chính Hãng ,Itel
276161888,3790588.2352941176,5.0,9,34130000,17.0,Điện thoại Tecno Pova 6 Neo (8GB 128GB) - Hàng Chính Hãng,Tecno
276166741,2154117.6470588236,5.0,11,23790000,13.823529411764707,Điện thoại Tecno SPARK GO 1 ( 4GB - 64GB) - Hàng Chính Hãng,Tecno
276181205,439147.0588235294,0.0,0,0,0.4117647058823529,Sạc Nhanh Nhỏ Gọn Baseus Super Si Pro Quick Charger C+U 30W - Hàng Chính Hãng ,Baseus
276181269,256937.64705882352,0.0,0,0,0.4117647058823529,Củ Sạc Nhanh Baseus Palm C+U 20W (For iPhone/iPad/Samsung/Google Pixel) - Hàng Chính Hãng,Baseus
276209758,228486.0588235294,0.0,0,0,0.058823529411764705,Tai Nghe Type C Baseus Encok CZ11 Wired Earphones Cho iPhone 15 iPad Samsung Laptop [ Hàng Chính Hãng ],Baseus
276246826,441902.0,0.0,0,0,0.0,"Bút Cảm Ứng Baseus Smooth Writing 2 Series Stylus Lite with LED Indicators, Moon White (Active version with type-C cable and active pen tip) [ HÀNG CHÍNH HÃNG ]",Baseus
276246838,761121.2121212122,5.0,1,829000,10.484848484848484,Điện thoại HMD 105 4G - Hàng chính hãng,Nokia
276250848,3263529.411764706,0.0,12,39700000,6.617647058823529,Điện Thoại Samsung Galaxy A06 (4GB/128GB) - Hàng Chính Hãng,Samsung
276250878,2902352.9411764704,3.823529411764706,10,29010000,16.558823529411764,Điện Thoại Samsung Galaxy A06 (4GB/128GB) -  Đã kích hoạt bảo hành điện tử - Hàng Chính Hãng,Samsung
276257720,33128235.29411765,0.0,0,0,2.6470588235294117,Máy tính bảng SAMSUNG Galaxy Tab S10 Ultra 256GB - Hàng chính hãng,Samsung
276274790,2967911.7647058824,0.0,0,0,15.0,Điện Thoại Samsung A06 4GB/128GB - Hàng Chính Hãng,Samsung
276281988,3016575.757575758,0.0,0,0,13.333333333333334,Điện thoại Samsung Galaxy A06 - Hàng chính hãng,Samsung
276285657,963529.4117647059,3.097058823529412,5,4750000,39.1764705882353,Máy tính bảng Masstel Tab 8.3 ( 3GB - 32GB) - Hàng Chính Hãng,Masstel
276285659,1220000.0,4.2294117647058815,9,11470000,39.44117647058823,Máy tính bảng Masstel Tab 10A ( 3GB - 32GB) - Hàng Chính Hãng,Masstel
276290046,2708235.294117647,1.911764705882353,63,174990000,9.147058823529411,Điện thoại Vivo Y03T ( 4GB/128GB) - Hàng Chính Hãng,Vivo
276290869,5495882.352941177,5.0,7,35630000,11.647058823529411,Điện thoại Samsung Galaxy M34 5G (8GB/128GB) - Đã kích hoạt bảo hành điện tử - Hàng Chính Hãng,Samsung
276306086,8712352.94117647,0.0,0,0,3.0588235294117645,Galaxy Tab S6 Lite (2024) (LTE) - Hàng chính hãng,Samsung
276307101,4823029.411764706,0.0,0,0,2.0588235294117645,Điện thoại Xiaomi Poco M6 - Hàng chính hãng,Xiaomi
276323340,1590000.0,0.0,0,0,0.0,Máy tính bảng Masstel Tab 8.3 (3GB/32GB) - Hàng chính hãng,Masstel
276369646,2953705.882352941,0.0,0,0,10.0,Điện thoại Xiaomi Redmi 14C - Hàng chính hãng,Xiaomi
276375414,3135882.3529411764,2.2058823529411766,7,22830000,27.176470588235293,Điện thoại realme C65s - Hàng Chính Hãng,Realme
276410628,3235764.705882353,0.7352941176470589,1,3099000,18.970588235294116,"Điện thoại Realme V60 (6GB/128GB) 5G , Chíp Dimensity 6300, Rom tiếng việt - Hàng nhập khẩu",Realme
276411458,3266647.0588235296,0.7352941176470589,1,3249000,18.147058823529413,"Điện thoại OPPO A79 5G (4GB/128GB) Màn hình 6.7"", Sạc nhanh 33W , Rom tiếng việt - Bản nội địa Nhật - Hàng nhập khẩu",OPPO
