id,product_name,brand_name,original_price,price_after_voucher,discount_rate,discount_price,rating_average,review_count,warranty_info,return_policy,date,quantity_sold,quantity_sold_by_day,sale_by_day
197214029,Apple iPhone 14,Apple,24990000,16990000,32,8000000,5.0,156,12 Tháng,Đổi trả miễn phí trong 30 ngày,2024-11-01,638,0,0
271967379,Apple iPhone 15 Plus,Apple,25990000,22490000,13,3500000,4.8,40,12 Tháng,Đổi trả miễn phí trong 30 ngày,2024-11-01,267,0,0
271966786,Apple iPhone 15,Apple,22490000,19490000,13,3000000,5.0,100,12 Tháng,Đổi trả miễn phí trong 30 ngày,2024-11-01,517,0,0
271972435,Apple iPhone 15 Pro,Apple,24800000,24800000,0,0,4.8,117,No warranty info,No return policy,2024-11-01,0,0,0
276110276,Apple iPhone 16 Plus,Apple,25990000,25990000,0,0,5.0,6,12 Tháng,Đổi trả miễn phí trong 30 ngày,2024-11-01,59,0,0
205815576,"Apple iPad 10.9-inch (10th Gen) Wi-Fi, 2022",Apple,12990000,8990000,31,4000000,5.0,103,12 Tháng,Đổi trả miễn phí trong 30 ngày,2024-11-01,402,0,0
276110349,Apple iPhone 16,Apple,22990000,22490000,2,500000,5.0,17,12 Tháng,Đổi trả miễn phí trong 30 ngày,2024-11-01,142,0,0
271973414,Apple iPhone 15 Pro Max,Apple,33490000,28490000,15,5000000,5.0,249,12 Tháng,Đổi trả miễn phí trong 30 ngày,2024-11-01,3482,0,0
276110023,Apple iPhone 16 Pro,Apple,28990000,28790000,1,200000,5.0,15,12 Tháng,Đổi trả miễn phí trong 30 ngày,2024-11-01,126,0,0
184059211,Apple iPhone 13,Apple,24990000,13090000,48,11900000,5.0,2006,12 Tháng,Đổi trả miễn phí trong 30 ngày,2024-11-01,7725,0,0
276109904,Apple iPhone 16 Pro Max,Apple,34990000,34990000,0,0,5.0,55,12 Tháng,Đổi trả miễn phí trong 30 ngày,2024-11-01,410,0,0
184036446,Apple iPhone 11,Apple,15999000,9890000,38,6109000,4.8,3079,12 Tháng,Đổi trả miễn phí trong 30 ngày,2024-11-01,14463,0,0
275042829,Apple iPad Pro M4 11-Inch Wi-Fi,Apple,28990000,26990000,7,2000000,5.0,9,12 Tháng,Đổi trả miễn phí trong 30 ngày,2024-11-01,25,0,0
275042833,Apple iPad Pro M4 11-Inch Wi-Fi+ Cellular,Apple,34490000,30990000,10,3500000,0.0,0,12 Tháng,Đổi trả miễn phí trong 30 ngày,2024-11-01,2,0,0
275042833,Apple iPad Pro M4 11-Inch Wi-Fi+ Cellular,Apple,34490000,30990000,10,3500000,0.0,0,12 Tháng,Đổi trả miễn phí trong 30 ngày,2024-11-02,2,0,0
275042829,Apple iPad Pro M4 11-Inch Wi-Fi,Apple,28990000,26990000,7,2000000,5.0,9,12 Tháng,Đổi trả miễn phí trong 30 ngày,2024-11-02,25,0,0
184036446,Apple iPhone 11,Apple,15999000,9890000,38,6109000,4.8,3079,12 Tháng,Đổi trả miễn phí trong 30 ngày,2024-11-02,14463,0,0
276109904,Apple iPhone 16 Pro Max,Apple,34990000,34990000,0,0,5.0,55,12 Tháng,Đổi trả miễn phí trong 30 ngày,2024-11-02,441,31,1084690000
184059211,Apple iPhone 13,Apple,24990000,13090000,48,11900000,5.0,2006,12 Tháng,Đổi trả miễn phí trong 30 ngày,2024-11-02,7733,8,104720000
276110023,Apple iPhone 16 Pro,Apple,28990000,28790000,1,200000,5.0,15,12 Tháng,Đổi trả miễn phí trong 30 ngày,2024-11-02,128,2,57580000
271973414,Apple iPhone 15 Pro Max,Apple,33490000,28490000,15,5000000,5.0,249,12 Tháng,Đổi trả miễn phí trong 30 ngày,2024-11-02,3482,0,0
276110349,Apple iPhone 16,Apple,22990000,22490000,2,500000,5.0,17,12 Tháng,Đổi trả miễn phí trong 30 ngày,2024-11-02,142,0,0
205815576,"Apple iPad 10.9-inch (10th Gen) Wi-Fi, 2022",Apple,12990000,8990000,31,4000000,5.0,103,12 Tháng,Đổi trả miễn phí trong 30 ngày,2024-11-02,403,1,8990000
276110276,Apple iPhone 16 Plus,Apple,25990000,25990000,0,0,5.0,6,12 Tháng,Đổi trả miễn phí trong 30 ngày,2024-11-02,62,3,77970000
271972435,Apple iPhone 15 Pro,Apple,24800000,24800000,0,0,4.8,117,No warranty info,No return policy,2024-11-02,0,0,0
271966786,Apple iPhone 15,Apple,22490000,19490000,13,3000000,5.0,100,12 Tháng,Đổi trả miễn phí trong 30 ngày,2024-11-02,517,0,0
271967379,Apple iPhone 15 Plus,Apple,25990000,22490000,13,3500000,4.8,40,12 Tháng,Đổi trả miễn phí trong 30 ngày,2024-11-02,267,0,0
197214029,Apple iPhone 14,Apple,24990000,16990000,32,8000000,5.0,156,12 Tháng,Đổi trả miễn phí trong 30 ngày,2024-11-02,638,0,0
197214029,Apple iPhone 14,Apple,24990000,17390000,30,7600000,5.0,156,12 Tháng,Đổi trả miễn phí trong 30 ngày,2024-11-03,638,0,0
271967379,Apple iPhone 15 Plus,Apple,25990000,22490000,13,3500000,4.8,40,12 Tháng,Đổi trả miễn phí trong 30 ngày,2024-11-03,268,1,22490000
271966786,Apple iPhone 15,Apple,22490000,19490000,13,3000000,5.0,100,12 Tháng,Đổi trả miễn phí trong 30 ngày,2024-11-03,517,0,0
271972435,Apple iPhone 15 Pro,Apple,24800000,24800000,0,0,4.8,117,No warranty info,No return policy,2024-11-03,0,0,0
276110276,Apple iPhone 16 Plus,Apple,25990000,25990000,0,0,5.0,6,12 Tháng,Đổi trả miễn phí trong 30 ngày,2024-11-03,62,0,0
205815576,"Apple iPad 10.9-inch (10th Gen) Wi-Fi, 2022",Apple,12990000,8990000,31,4000000,5.0,103,12 Tháng,Đổi trả miễn phí trong 30 ngày,2024-11-03,405,2,17980000
276110349,Apple iPhone 16,Apple,22990000,22490000,2,500000,5.0,17,12 Tháng,Đổi trả miễn phí trong 30 ngày,2024-11-03,142,0,0
271973414,Apple iPhone 15 Pro Max,Apple,33490000,28490000,15,5000000,5.0,250,12 Tháng,Đổi trả miễn phí trong 30 ngày,2024-11-03,3484,2,56980000
276110023,Apple iPhone 16 Pro,Apple,28990000,28790000,1,200000,5.0,15,12 Tháng,Đổi trả miễn phí trong 30 ngày,2024-11-03,131,3,86370000
184059211,Apple iPhone 13,Apple,24990000,13090000,48,11900000,5.0,2006,12 Tháng,Đổi trả miễn phí trong 30 ngày,2024-11-03,7745,12,157080000
276109904,Apple iPhone 16 Pro Max,Apple,34990000,34990000,0,0,5.0,61,12 Tháng,Đổi trả miễn phí trong 30 ngày,2024-11-03,463,22,769780000
184036446,Apple iPhone 11,Apple,15999000,9890000,38,6109000,4.8,3080,12 Tháng,Đổi trả miễn phí trong 30 ngày,2024-11-03,14464,1,9890000
275042829,Apple iPad Pro M4 11-Inch Wi-Fi,Apple,28990000,26990000,7,2000000,5.0,9,12 Tháng,Đổi trả miễn phí trong 30 ngày,2024-11-03,25,0,0
275042833,Apple iPad Pro M4 11-Inch Wi-Fi+ Cellular,Apple,34490000,30990000,10,3500000,0.0,0,12 Tháng,Đổi trả miễn phí trong 30 ngày,2024-11-03,2,0,0
275042833,Apple iPad Pro M4 11-Inch Wi-Fi+ Cellular,Apple,34490000,30990000,10,3500000,0.0,0,12 Tháng,Đổi trả miễn phí trong 30 ngày,2024-11-04,2,0,0
275042829,Apple iPad Pro M4 11-Inch Wi-Fi,Apple,28990000,26990000,7,2000000,5.0,9,12 Tháng,Đổi trả miễn phí trong 30 ngày,2024-11-04,25,0,0
184036446,Apple iPhone 11,Apple,15999000,9890000,38,6109000,4.8,3080,12 Tháng,Đổi trả miễn phí trong 30 ngày,2024-11-04,14464,0,0
276109904,Apple iPhone 16 Pro Max,Apple,34990000,34990000,0,0,5.0,62,12 Tháng,Đổi trả miễn phí trong 30 ngày,2024-11-04,471,8,279920000
184059211,Apple iPhone 13,Apple,24990000,13490000,46,11500000,5.0,2007,12 Tháng,Đổi trả miễn phí trong 30 ngày,2024-11-04,7749,4,53960000
276110023,Apple iPhone 16 Pro,Apple,28990000,28790000,1,200000,5.0,16,12 Tháng,Đổi trả miễn phí trong 30 ngày,2024-11-04,131,0,0
271973414,Apple iPhone 15 Pro Max,Apple,33490000,28490000,15,5000000,5.0,250,12 Tháng,Đổi trả miễn phí trong 30 ngày,2024-11-04,3485,1,28490000
276110349,Apple iPhone 16,Apple,22990000,21990000,4,1000000,5.0,17,12 Tháng,Đổi trả miễn phí trong 30 ngày,2024-11-04,142,0,0
205815576,"Apple iPad 10.9-inch (10th Gen) Wi-Fi, 2022",Apple,12990000,8990000,31,4000000,5.0,104,12 Tháng,Đổi trả miễn phí trong 30 ngày,2024-11-04,406,1,8990000
276110276,Apple iPhone 16 Plus,Apple,25990000,25990000,0,0,5.0,6,12 Tháng,Đổi trả miễn phí trong 30 ngày,2024-11-04,62,0,0
271972435,Apple iPhone 15 Pro,Apple,24800000,24800000,0,0,4.8,117,No warranty info,No return policy,2024-11-04,0,0,0
271966786,Apple iPhone 15,Apple,22490000,19490000,13,3000000,5.0,100,12 Tháng,Đổi trả miễn phí trong 30 ngày,2024-11-04,518,1,19490000
271967379,Apple iPhone 15 Plus,Apple,25990000,22490000,13,3500000,4.8,40,12 Tháng,Đổi trả miễn phí trong 30 ngày,2024-11-04,268,0,0
197214029,Apple iPhone 14,Apple,24990000,16850000,33,8140000,5.0,156,12 Tháng,Đổi trả miễn phí trong 30 ngày,2024-11-04,638,0,0
197214029,Apple iPhone 14,Apple,24990000,16850000,33,8140000,5.0,156,12 Tháng,Đổi trả miễn phí trong 30 ngày,2024-11-05,639,1,16850000
271967379,Apple iPhone 15 Plus,Apple,25990000,22490000,13,3500000,4.8,40,12 Tháng,Đổi trả miễn phí trong 30 ngày,2024-11-05,268,0,0
271966786,Apple iPhone 15,Apple,22490000,19490000,13,3000000,5.0,100,12 Tháng,Đổi trả miễn phí trong 30 ngày,2024-11-05,518,0,0
276110276,Apple iPhone 16 Plus,Apple,25990000,25990000,0,0,5.0,6,12 Tháng,Đổi trả miễn phí trong 30 ngày,2024-11-05,62,0,0
205815576,"Apple iPad 10.9-inch (10th Gen) Wi-Fi, 2022",Apple,12990000,8990000,31,4000000,5.0,104,12 Tháng,Đổi trả miễn phí trong 30 ngày,2024-11-05,409,3,26970000
276110349,Apple iPhone 16,Apple,22990000,21990000,4,1000000,5.0,18,12 Tháng,Đổi trả miễn phí trong 30 ngày,2024-11-05,144,2,43980000
271973414,Apple iPhone 15 Pro Max,Apple,33490000,28490000,15,5000000,5.0,252,12 Tháng,Đổi trả miễn phí trong 30 ngày,2024-11-05,3488,3,85470000
276110023,Apple iPhone 16 Pro,Apple,28990000,28790000,1,200000,5.0,16,12 Tháng,Đổi trả miễn phí trong 30 ngày,2024-11-05,131,0,0
184059211,Apple iPhone 13,Apple,24990000,13490000,46,11500000,5.0,2009,12 Tháng,Đổi trả miễn phí trong 30 ngày,2024-11-05,7756,7,94430000
276109904,Apple iPhone 16 Pro Max,Apple,34990000,34990000,0,0,5.0,63,12 Tháng,Đổi trả miễn phí trong 30 ngày,2024-11-05,490,19,664810000
271972435,Apple iPhone 15 Pro,Apple,24800000,24800000,0,0,4.8,117,No warranty info,No return policy,2024-11-05,0,0,0
184036446,Apple iPhone 11,Apple,15999000,9890000,38,6109000,4.8,3082,12 Tháng,Đổi trả miễn phí trong 30 ngày,2024-11-05,14464,0,0
275042829,Apple iPad Pro M4 11-Inch Wi-Fi,Apple,28990000,26990000,7,2000000,5.0,9,12 Tháng,Đổi trả miễn phí trong 30 ngày,2024-11-05,26,1,26990000
275042833,Apple iPad Pro M4 11-Inch Wi-Fi+ Cellular,Apple,34490000,30990000,10,3500000,0.0,0,12 Tháng,Đổi trả miễn phí trong 30 ngày,2024-11-05,2,0,0
275042833,Apple iPad Pro M4 11-Inch Wi-Fi+ Cellular,Apple,34490000,30990000,10,3500000,0.0,0,12 Tháng,Đổi trả miễn phí trong 30 ngày,2024-11-06,2,0,0
275042829,Apple iPad Pro M4 11-Inch Wi-Fi,Apple,27490000,27490000,0,0,5.0,9,No warranty info,No return policy,2024-11-06,0,0,0
184036446,Apple iPhone 11,Apple,15999000,9890000,38,6109000,4.8,3082,12 Tháng,Đổi trả miễn phí trong 30 ngày,2024-11-06,14465,1,9890000
271972435,Apple iPhone 15 Pro,Apple,24800000,24800000,0,0,4.8,117,No warranty info,No return policy,2024-11-06,0,0,0
276109904,Apple iPhone 16 Pro Max,Apple,34990000,34790000,1,200000,5.0,66,12 Tháng,Đổi trả miễn phí trong 30 ngày,2024-11-06,534,44,1530760000
184059211,Apple iPhone 13,Apple,24990000,13090000,48,11900000,5.0,2011,12 Tháng,Đổi trả miễn phí trong 30 ngày,2024-11-06,7764,8,104720000
276110023,Apple iPhone 16 Pro,Apple,28990000,28790000,1,200000,5.0,17,12 Tháng,Đổi trả miễn phí trong 30 ngày,2024-11-06,132,1,28790000
271973414,Apple iPhone 15 Pro Max,Apple,33490000,28490000,15,5000000,5.0,253,12 Tháng,Đổi trả miễn phí trong 30 ngày,2024-11-06,3497,9,256410000
276110349,Apple iPhone 16,Apple,22990000,21990000,4,1000000,5.0,18,12 Tháng,Đổi trả miễn phí trong 30 ngày,2024-11-06,153,9,197910000
205815576,"Apple iPad 10.9-inch (10th Gen) Wi-Fi, 2022",Apple,9490000,9490000,0,0,5.0,107,No warranty info,No return policy,2024-11-06,0,0,0
276110276,Apple iPhone 16 Plus,Apple,25990000,25990000,0,0,5.0,7,12 Tháng,Đổi trả miễn phí trong 30 ngày,2024-11-06,63,1,25990000
271966786,Apple iPhone 15,Apple,22490000,19490000,13,3000000,5.0,100,12 Tháng,Đổi trả miễn phí trong 30 ngày,2024-11-06,520,2,38980000
271967379,Apple iPhone 15 Plus,Apple,25990000,22490000,13,3500000,4.8,41,12 Tháng,Đổi trả miễn phí trong 30 ngày,2024-11-06,270,2,44980000
197214029,Apple iPhone 14,Apple,24990000,16990000,32,8000000,5.0,156,12 Tháng,Đổi trả miễn phí trong 30 ngày,2024-11-06,639,0,0
197214029,Apple iPhone 14,Apple,24990000,16850000,33,8140000,5.0,156,12 Tháng,Đổi trả miễn phí trong 30 ngày,2024-11-07,639,0,0
271967379,Apple iPhone 15 Plus,Apple,25990000,22490000,13,3500000,4.8,40,12 Tháng,Đổi trả miễn phí trong 30 ngày,2024-11-07,268,0,0
271966786,Apple iPhone 15,Apple,22490000,19490000,13,3000000,5.0,100,12 Tháng,Đổi trả miễn phí trong 30 ngày,2024-11-07,519,0,0
276110276,Apple iPhone 16 Plus,Apple,25990000,25990000,0,0,5.0,7,12 Tháng,Đổi trả miễn phí trong 30 ngày,2024-11-07,62,0,0
205815576,"Apple iPad 10.9-inch (10th Gen) Wi-Fi, 2022",Apple,9490000,9490000,0,0,5.0,106,No warranty info,No return policy,2024-11-07,0,0,0
276110349,Apple iPhone 16,Apple,22990000,21990000,4,1000000,5.0,18,12 Tháng,Đổi trả miễn phí trong 30 ngày,2024-11-07,144,0,0
271973414,Apple iPhone 15 Pro Max,Apple,33490000,28490000,15,5000000,5.0,252,12 Tháng,Đổi trả miễn phí trong 30 ngày,2024-11-07,3489,0,0
276110023,Apple iPhone 16 Pro,Apple,28990000,28790000,1,200000,5.0,16,12 Tháng,Đổi trả miễn phí trong 30 ngày,2024-11-07,131,0,0
184059211,Apple iPhone 13,Apple,24990000,13490000,46,11500000,5.0,2009,12 Tháng,Đổi trả miễn phí trong 30 ngày,2024-11-07,7757,0,0
276109904,Apple iPhone 16 Pro Max,Apple,34990000,34990000,0,0,5.0,63,12 Tháng,Đổi trả miễn phí trong 30 ngày,2024-11-07,505,0,0
271972435,Apple iPhone 15 Pro,Apple,24800000,24800000,0,0,4.8,117,No warranty info,No return policy,2024-11-07,0,0,0
184036446,Apple iPhone 11,Apple,15999000,9890000,38,6109000,4.8,3082,12 Tháng,Đổi trả miễn phí trong 30 ngày,2024-11-07,14464,0,0
275042829,Apple iPad Pro M4 11-Inch Wi-Fi,Apple,28990000,26990000,7,2000000,5.0,9,12 Tháng,Đổi trả miễn phí trong 30 ngày,2024-11-07,26,26,701740000
275042833,Apple iPad Pro M4 11-Inch Wi-Fi+ Cellular,Apple,34490000,30990000,10,3500000,0.0,0,12 Tháng,Đổi trả miễn phí trong 30 ngày,2024-11-07,2,0,0
275042833,Apple iPad Pro M4 11-Inch Wi-Fi+ Cellular,Apple,34490000,30990000,10,3500000,0.0,0,12 Tháng,Đổi trả miễn phí trong 30 ngày,2024-11-08,2,0,0
275042829,Apple iPad Pro M4 11-Inch Wi-Fi,Apple,28990000,26990000,7,2000000,5.0,9,12 Tháng,Đổi trả miễn phí trong 30 ngày,2024-11-08,26,0,0
184036446,Apple iPhone 11,Apple,15999000,9890000,38,6109000,4.8,3082,12 Tháng,Đổi trả miễn phí trong 30 ngày,2024-11-08,14464,0,0
276109904,Apple iPhone 16 Pro Max,Apple,34990000,34990000,0,0,5.0,64,12 Tháng,Đổi trả miễn phí trong 30 ngày,2024-11-08,524,19,664810000
184059211,Apple iPhone 13,Apple,24990000,13090000,48,11900000,5.0,2010,12 Tháng,Đổi trả miễn phí trong 30 ngày,2024-11-08,7761,4,52360000
276110023,Apple iPhone 16 Pro,Apple,28990000,28790000,1,200000,5.0,17,12 Tháng,Đổi trả miễn phí trong 30 ngày,2024-11-08,131,0,0
271973414,Apple iPhone 15 Pro Max,Apple,33490000,28490000,15,5000000,5.0,253,12 Tháng,Đổi trả miễn phí trong 30 ngày,2024-11-08,3495,6,170940000
276110349,Apple iPhone 16,Apple,22990000,21990000,4,1000000,5.0,18,12 Tháng,Đổi trả miễn phí trong 30 ngày,2024-11-08,147,3,65970000
205815576,"Apple iPad 10.9-inch (10th Gen) Wi-Fi, 2022",Apple,9490000,9490000,0,0,5.0,107,No warranty info,No return policy,2024-11-08,0,0,0
276110276,Apple iPhone 16 Plus,Apple,25990000,25990000,0,0,5.0,7,12 Tháng,Đổi trả miễn phí trong 30 ngày,2024-11-08,62,0,0
271972435,Apple iPhone 15 Pro,Apple,24800000,24800000,0,0,4.8,117,No warranty info,No return policy,2024-11-08,0,0,0
271966786,Apple iPhone 15,Apple,22490000,19490000,13,3000000,5.0,100,12 Tháng,Đổi trả miễn phí trong 30 ngày,2024-11-08,519,0,0
271967379,Apple iPhone 15 Plus,Apple,25990000,22490000,13,3500000,4.8,41,12 Tháng,Đổi trả miễn phí trong 30 ngày,2024-11-08,269,1,22490000
197214029,Apple iPhone 14,Apple,24990000,17390000,30,7600000,5.0,156,12 Tháng,Đổi trả miễn phí trong 30 ngày,2024-11-08,639,0,0
197214029,Apple iPhone 14,Apple,24990000,16990000,32,8000000,5.0,156,12 Tháng,Đổi trả miễn phí trong 30 ngày,2024-11-09,639,0,0
271967379,Apple iPhone 15 Plus,Apple,25990000,22490000,13,3500000,4.8,41,12 Tháng,Đổi trả miễn phí trong 30 ngày,2024-11-09,270,1,22490000
271966786,Apple iPhone 15,Apple,22490000,19490000,13,3000000,5.0,100,12 Tháng,Đổi trả miễn phí trong 30 ngày,2024-11-09,519,0,0
271972435,Apple iPhone 15 Pro,Apple,24800000,24800000,0,0,4.8,117,No warranty info,No return policy,2024-11-09,0,0,0
276110276,Apple iPhone 16 Plus,Apple,25990000,25990000,0,0,5.0,7,12 Tháng,Đổi trả miễn phí trong 30 ngày,2024-11-09,62,0,0
205815576,"Apple iPad 10.9-inch (10th Gen) Wi-Fi, 2022",Apple,9490000,9490000,0,0,5.0,107,No warranty info,No return policy,2024-11-09,0,0,0
276110349,Apple iPhone 16,Apple,22990000,21990000,4,1000000,5.0,18,12 Tháng,Đổi trả miễn phí trong 30 ngày,2024-11-09,150,3,65970000
271973414,Apple iPhone 15 Pro Max,Apple,33490000,28490000,15,5000000,5.0,253,12 Tháng,Đổi trả miễn phí trong 30 ngày,2024-11-09,3496,1,28490000
276110023,Apple iPhone 16 Pro,Apple,28990000,28790000,1,200000,5.0,17,12 Tháng,Đổi trả miễn phí trong 30 ngày,2024-11-09,132,1,28790000
184059211,Apple iPhone 13,Apple,24990000,13090000,48,11900000,5.0,2010,12 Tháng,Đổi trả miễn phí trong 30 ngày,2024-11-09,7763,2,26180000
276109904,Apple iPhone 16 Pro Max,Apple,34990000,34990000,0,0,5.0,64,12 Tháng,Đổi trả miễn phí trong 30 ngày,2024-11-09,529,5,174950000
184036446,Apple iPhone 11,Apple,15999000,9890000,38,6109000,4.8,3082,12 Tháng,Đổi trả miễn phí trong 30 ngày,2024-11-09,14464,0,0
275042829,Apple iPad Pro M4 11-Inch Wi-Fi,Apple,28990000,26990000,7,2000000,5.0,9,12 Tháng,Đổi trả miễn phí trong 30 ngày,2024-11-09,26,0,0
275042833,Apple iPad Pro M4 11-Inch Wi-Fi+ Cellular,Apple,34490000,30990000,10,3500000,0.0,0,12 Tháng,Đổi trả miễn phí trong 30 ngày,2024-11-09,2,0,0
275042833,Apple iPad Pro M4 11-Inch Wi-Fi+ Cellular,Apple,34490000,30990000,10,3500000,0.0,0,12 Tháng,Đổi trả miễn phí trong 30 ngày,2024-11-10,2,0,0
184036446,Apple iPhone 11,Apple,15999000,9890000,38,6109000,4.8,3082,12 Tháng,Đổi trả miễn phí trong 30 ngày,2024-11-10,14464,0,0
276109904,Apple iPhone 16 Pro Max,Apple,34990000,34990000,0,0,5.0,66,12 Tháng,Đổi trả miễn phí trong 30 ngày,2024-11-10,532,3,104970000
184059211,Apple iPhone 13,Apple,24990000,13090000,48,11900000,5.0,2011,12 Tháng,Đổi trả miễn phí trong 30 ngày,2024-11-10,7764,1,13090000
276110023,Apple iPhone 16 Pro,Apple,28990000,28790000,1,200000,5.0,17,12 Tháng,Đổi trả miễn phí trong 30 ngày,2024-11-10,132,0,0
271973414,Apple iPhone 15 Pro Max,Apple,33490000,28490000,15,5000000,5.0,253,12 Tháng,Đổi trả miễn phí trong 30 ngày,2024-11-10,3497,1,28490000
276110349,Apple iPhone 16,Apple,22990000,21990000,4,1000000,5.0,18,12 Tháng,Đổi trả miễn phí trong 30 ngày,2024-11-10,153,3,65970000
205815576,"Apple iPad 10.9-inch (10th Gen) Wi-Fi, 2022",Apple,9490000,9490000,0,0,5.0,107,No warranty info,No return policy,2024-11-10,0,0,0
276110276,Apple iPhone 16 Plus,Apple,25990000,25990000,0,0,5.0,7,12 Tháng,Đổi trả miễn phí trong 30 ngày,2024-11-10,63,1,25990000
271972435,Apple iPhone 15 Pro,Apple,24800000,24800000,0,0,4.8,117,No warranty info,No return policy,2024-11-10,0,0,0
275042829,Apple iPad Pro M4 11-Inch Wi-Fi,Apple,28990000,26990000,7,2000000,5.0,9,12 Tháng,Đổi trả miễn phí trong 30 ngày,2024-11-10,26,0,0
271966786,Apple iPhone 15,Apple,22490000,19490000,13,3000000,5.0,100,12 Tháng,Đổi trả miễn phí trong 30 ngày,2024-11-10,519,0,0
271967379,Apple iPhone 15 Plus,Apple,25990000,22490000,13,3500000,4.8,41,12 Tháng,Đổi trả miễn phí trong 30 ngày,2024-11-10,270,0,0
197214029,Apple iPhone 14,Apple,24990000,16990000,32,8000000,5.0,156,12 Tháng,Đổi trả miễn phí trong 30 ngày,2024-11-10,639,0,0
197214029,Apple iPhone 14,Apple,24990000,16990000,32,8000000,5.0,156,12 Tháng,Đổi trả miễn phí trong 30 ngày,2024-11-11,639,0,0
271967379,Apple iPhone 15 Plus,Apple,25990000,22490000,13,3500000,4.8,41,12 Tháng,Đổi trả miễn phí trong 30 ngày,2024-11-11,270,0,0
271966786,Apple iPhone 15,Apple,22490000,19490000,13,3000000,5.0,100,12 Tháng,Đổi trả miễn phí trong 30 ngày,2024-11-11,520,1,19490000
271972435,Apple iPhone 15 Pro,Apple,24800000,24800000,0,0,4.8,117,No warranty info,No return policy,2024-11-11,0,0,0
276110276,Apple iPhone 16 Plus,Apple,25990000,25990000,0,0,5.0,7,12 Tháng,Đổi trả miễn phí trong 30 ngày,2024-11-11,63,0,0
205815576,"Apple iPad 10.9-inch (10th Gen) Wi-Fi, 2022",Apple,9490000,9490000,0,0,5.0,107,No warranty info,No return policy,2024-11-11,0,0,0
276110349,Apple iPhone 16,Apple,22990000,21990000,4,1000000,5.0,18,12 Tháng,Đổi trả miễn phí trong 30 ngày,2024-11-11,153,0,0
271973414,Apple iPhone 15 Pro Max,Apple,33490000,28490000,15,5000000,5.0,253,12 Tháng,Đổi trả miễn phí trong 30 ngày,2024-11-11,3497,0,0
276110023,Apple iPhone 16 Pro,Apple,28990000,28790000,1,200000,5.0,17,12 Tháng,Đổi trả miễn phí trong 30 ngày,2024-11-11,132,0,0
184059211,Apple iPhone 13,Apple,24990000,13090000,48,11900000,5.0,2011,12 Tháng,Đổi trả miễn phí trong 30 ngày,2024-11-11,7764,0,0
276109904,Apple iPhone 16 Pro Max,Apple,34990000,34790000,1,200000,5.0,66,12 Tháng,Đổi trả miễn phí trong 30 ngày,2024-11-11,534,2,69580000
184036446,Apple iPhone 11,Apple,15999000,9890000,38,6109000,4.8,3082,12 Tháng,Đổi trả miễn phí trong 30 ngày,2024-11-11,14465,1,9890000
275042829,Apple iPad Pro M4 11-Inch Wi-Fi,Apple,27490000,27490000,0,0,5.0,9,No warranty info,No return policy,2024-11-11,0,0,0
275042833,Apple iPad Pro M4 11-Inch Wi-Fi+ Cellular,Apple,34490000,30990000,10,3500000,0.0,0,12 Tháng,Đổi trả miễn phí trong 30 ngày,2024-11-11,2,0,0
197214029,Apple iPhone 14,Apple,24990000,16990000,32,8000000,5.0,156,12 Tháng,Đổi trả miễn phí trong 30 ngày,2024-11-12,639,0,0
271967379,Apple iPhone 15 Plus,Apple,25990000,22490000,13,3500000,4.8,41,12 Tháng,Đổi trả miễn phí trong 30 ngày,2024-11-12,270,0,0
271966786,Apple iPhone 15,Apple,22490000,19490000,13,3000000,5.0,100,12 Tháng,Đổi trả miễn phí trong 30 ngày,2024-11-12,520,0,0
271972435,Apple iPhone 15 Pro,Apple,24800000,24800000,0,0,4.8,117,No warranty info,No return policy,2024-11-12,0,0,0
276110276,Apple iPhone 16 Plus,Apple,25990000,25990000,0,0,5.0,7,12 Tháng,Đổi trả miễn phí trong 30 ngày,2024-11-12,63,0,0
205815576,"Apple iPad 10.9-inch (10th Gen) Wi-Fi, 2022",Apple,9490000,9490000,0,0,5.0,107,No warranty info,No return policy,2024-11-12,0,0,0
276110349,Apple iPhone 16,Apple,22990000,21990000,4,1000000,5.0,19,12 Tháng,Đổi trả miễn phí trong 30 ngày,2024-11-12,154,1,21990000
271973414,Apple iPhone 15 Pro Max,Apple,33490000,28490000,15,5000000,5.0,864,12 Tháng,Đổi trả miễn phí trong 30 ngày,2024-11-12,3501,4,113960000
276110023,Apple iPhone 16 Pro,Apple,28990000,28790000,1,200000,5.0,17,12 Tháng,Đổi trả miễn phí trong 30 ngày,2024-11-12,132,0,0
184059211,Apple iPhone 13,Apple,24990000,13090000,48,11900000,5.0,2011,12 Tháng,Đổi trả miễn phí trong 30 ngày,2024-11-12,7773,9,117810000
276109904,Apple iPhone 16 Pro Max,Apple,34990000,34790000,1,200000,5.0,68,12 Tháng,Đổi trả miễn phí trong 30 ngày,2024-11-12,541,7,243530000
184036446,Apple iPhone 11,Apple,15999000,9890000,38,6109000,4.8,3082,12 Tháng,Đổi trả miễn phí trong 30 ngày,2024-11-12,14465,0,0
275042829,Apple iPad Pro M4 11-Inch Wi-Fi,Apple,27490000,27490000,0,0,5.0,9,No warranty info,No return policy,2024-11-12,0,0,0
275042833,Apple iPad Pro M4 11-Inch Wi-Fi+ Cellular,Apple,34490000,30990000,10,3500000,0.0,0,12 Tháng,Đổi trả miễn phí trong 30 ngày,2024-11-12,2,0,0
197214029,Apple iPhone 14,Apple,24990000,16990000,32,8000000,5.0,156,12 Tháng,Đổi trả miễn phí trong 30 ngày,2024-11-13,639,0,0
271967379,Apple iPhone 15 Plus,Apple,25990000,22490000,13,3500000,4.8,41,12 Tháng,Đổi trả miễn phí trong 30 ngày,2024-11-13,270,0,0
271966786,Apple iPhone 15,Apple,22490000,19490000,13,3000000,5.0,100,12 Tháng,Đổi trả miễn phí trong 30 ngày,2024-11-13,520,0,0
271972435,Apple iPhone 15 Pro,Apple,24800000,24800000,0,0,4.8,117,No warranty info,No return policy,2024-11-13,0,0,0
276110276,Apple iPhone 16 Plus,Apple,25990000,25990000,0,0,5.0,7,12 Tháng,Đổi trả miễn phí trong 30 ngày,2024-11-13,63,0,0
205815576,"Apple iPad 10.9-inch (10th Gen) Wi-Fi, 2022",Apple,9490000,9490000,0,0,5.0,107,No warranty info,No return policy,2024-11-13,0,0,0
276110349,Apple iPhone 16,Apple,22990000,21990000,4,1000000,5.0,19,12 Tháng,Đổi trả miễn phí trong 30 ngày,2024-11-13,155,1,21990000
271973414,Apple iPhone 15 Pro Max,Apple,33490000,28490000,15,5000000,5.0,253,12 Tháng,Đổi trả miễn phí trong 30 ngày,2024-11-13,3501,0,0
276110023,Apple iPhone 16 Pro,Apple,28990000,28790000,1,200000,5.0,17,12 Tháng,Đổi trả miễn phí trong 30 ngày,2024-11-13,132,0,0
184059211,Apple iPhone 13,Apple,24990000,13090000,48,11900000,5.0,2011,12 Tháng,Đổi trả miễn phí trong 30 ngày,2024-11-13,7779,6,78540000
276109904,Apple iPhone 16 Pro Max,Apple,34990000,34990000,0,0,5.0,69,12 Tháng,Đổi trả miễn phí trong 30 ngày,2024-11-13,543,2,69980000
184036446,Apple iPhone 11,Apple,15999000,9890000,38,6109000,4.8,3082,12 Tháng,Đổi trả miễn phí trong 30 ngày,2024-11-13,14465,0,0
275042829,Apple iPad Pro M4 11-Inch Wi-Fi,Apple,27490000,27490000,0,0,5.0,9,No warranty info,No return policy,2024-11-13,0,0,0
275042833,Apple iPad Pro M4 11-Inch Wi-Fi+ Cellular,Apple,34490000,30990000,10,3500000,0.0,0,12 Tháng,Đổi trả miễn phí trong 30 ngày,2024-11-13,2,0,0
197214029,Apple iPhone 14,Apple,24990000,16990000,32,8000000,5.0,156,12 Tháng,Đổi trả miễn phí trong 30 ngày,2024-11-14,639,0,0
271967379,Apple iPhone 15 Plus,Apple,25990000,22490000,13,3500000,4.8,41,12 Tháng,Đổi trả miễn phí trong 30 ngày,2024-11-14,271,1,22490000
271966786,Apple iPhone 15,Apple,22490000,19490000,13,3000000,5.0,100,12 Tháng,Đổi trả miễn phí trong 30 ngày,2024-11-14,520,0,0
271972435,Apple iPhone 15 Pro,Apple,24800000,24800000,0,0,4.8,117,No warranty info,No return policy,2024-11-14,0,0,0
276110276,Apple iPhone 16 Plus,Apple,25990000,25990000,0,0,5.0,7,12 Tháng,Đổi trả miễn phí trong 30 ngày,2024-11-14,63,0,0
205815576,"Apple iPad 10.9-inch (10th Gen) Wi-Fi, 2022",Apple,9490000,9490000,0,0,5.0,107,No warranty info,No return policy,2024-11-14,0,0,0
276110349,Apple iPhone 16,Apple,22990000,21990000,4,1000000,5.0,19,12 Tháng,Đổi trả miễn phí trong 30 ngày,2024-11-14,157,2,43980000
271973414,Apple iPhone 15 Pro Max,Apple,33490000,28990000,13,4500000,5.0,253,12 Tháng,Đổi trả miễn phí trong 30 ngày,2024-11-14,3501,0,0
276110023,Apple iPhone 16 Pro,Apple,28990000,28790000,1,200000,5.0,17,12 Tháng,Đổi trả miễn phí trong 30 ngày,2024-11-14,133,1,28790000
184059211,Apple iPhone 13,Apple,24990000,13090000,48,11900000,5.0,2013,12 Tháng,Đổi trả miễn phí trong 30 ngày,2024-11-14,7787,8,104720000
276109904,Apple iPhone 16 Pro Max,Apple,34990000,34690000,1,300000,5.0,69,12 Tháng,Đổi trả miễn phí trong 30 ngày,2024-11-14,544,1,34690000
184036446,Apple iPhone 11,Apple,15999000,9890000,38,6109000,4.8,3082,12 Tháng,Đổi trả miễn phí trong 30 ngày,2024-11-14,14467,2,19780000
275042829,Apple iPad Pro M4 11-Inch Wi-Fi,Apple,27490000,27490000,0,0,5.0,9,No warranty info,No return policy,2024-11-14,0,0,0
275042833,Apple iPad Pro M4 11-Inch Wi-Fi+ Cellular,Apple,34490000,30990000,10,3500000,0.0,0,12 Tháng,Đổi trả miễn phí trong 30 ngày,2024-11-14,2,0,0
271966786,Apple iPhone 15,Apple,22490000,19490000,13,3000000,5.0,100,12 Tháng,Đổi trả miễn phí trong 30 ngày,2024-11-15,520,0,0
197214029,Apple iPhone 14,Apple,24990000,16990000,32,8000000,5.0,156,12 Tháng,Đổi trả miễn phí trong 30 ngày,2024-11-15,639,0,0
271967379,Apple iPhone 15 Plus,Apple,25990000,22490000,13,3500000,4.8,41,12 Tháng,Đổi trả miễn phí trong 30 ngày,2024-11-15,271,0,0
276110349,Apple iPhone 16,Apple,22990000,21990000,4,1000000,5.0,19,12 Tháng,Đổi trả miễn phí trong 30 ngày,2024-11-15,158,1,21990000
271973414,Apple iPhone 15 Pro Max,Apple,33490000,28990000,13,4500000,5.0,253,12 Tháng,Đổi trả miễn phí trong 30 ngày,2024-11-15,3501,0,0
276110023,Apple iPhone 16 Pro,Apple,28990000,28790000,1,200000,5.0,17,12 Tháng,Đổi trả miễn phí trong 30 ngày,2024-11-15,133,0,0
184059211,Apple iPhone 13,Apple,24990000,13090000,48,11900000,5.0,2014,12 Tháng,Đổi trả miễn phí trong 30 ngày,2024-11-15,7792,5,65450000
276109904,Apple iPhone 16 Pro Max,Apple,34990000,34490000,1,500000,5.0,69,12 Tháng,Đổi trả miễn phí trong 30 ngày,2024-11-15,546,2,68980000
205815576,"Apple iPad 10.9-inch (10th Gen) Wi-Fi, 2022",Apple,9490000,9490000,0,0,5.0,107,No warranty info,No return policy,2024-11-15,0,0,0
276110276,Apple iPhone 16 Plus,Apple,25990000,25990000,0,0,5.0,7,12 Tháng,Đổi trả miễn phí trong 30 ngày,2024-11-15,63,0,0
271972435,Apple iPhone 15 Pro,Apple,24800000,24800000,0,0,4.8,117,No warranty info,No return policy,2024-11-15,0,0,0
184036446,Apple iPhone 11,Apple,15999000,9890000,38,6109000,4.8,3082,12 Tháng,Đổi trả miễn phí trong 30 ngày,2024-11-15,14467,0,0
275042829,Apple iPad Pro M4 11-Inch Wi-Fi,Apple,27490000,27490000,0,0,5.0,9,No warranty info,No return policy,2024-11-15,0,0,0
275042833,Apple iPad Pro M4 11-Inch Wi-Fi+ Cellular,Apple,34490000,30990000,10,3500000,0.0,0,12 Tháng,Đổi trả miễn phí trong 30 ngày,2024-11-15,2,0,0
197214029,Apple iPhone 14,Apple,24990000,16990000,32,8000000,5.0,156,12 Tháng,Đổi trả miễn phí trong 30 ngày,2024-11-16,639,0,0
271967379,Apple iPhone 15 Plus,Apple,25990000,22490000,13,3500000,4.8,41,12 Tháng,Đổi trả miễn phí trong 30 ngày,2024-11-16,271,0,0
271966786,Apple iPhone 15,Apple,22490000,19490000,13,3000000,5.0,100,12 Tháng,Đổi trả miễn phí trong 30 ngày,2024-11-16,520,0,0
271972435,Apple iPhone 15 Pro,Apple,24800000,24800000,0,0,4.8,117,No warranty info,No return policy,2024-11-16,0,0,0
276110276,Apple iPhone 16 Plus,Apple,25990000,25990000,0,0,5.0,7,12 Tháng,Đổi trả miễn phí trong 30 ngày,2024-11-16,63,0,0
205815576,"Apple iPad 10.9-inch (10th Gen) Wi-Fi, 2022",Apple,12990000,9490000,27,3500000,5.0,106,12 Tháng,Đổi trả miễn phí trong 30 ngày,2024-11-16,416,416,3947840000
276110349,Apple iPhone 16,Apple,22990000,21990000,4,1000000,5.0,19,12 Tháng,Đổi trả miễn phí trong 30 ngày,2024-11-16,160,2,43980000
271973414,Apple iPhone 15 Pro Max,Apple,33490000,28990000,13,4500000,5.0,253,12 Tháng,Đổi trả miễn phí trong 30 ngày,2024-11-16,3501,0,0
276110023,Apple iPhone 16 Pro,Apple,28990000,28790000,1,200000,5.0,17,12 Tháng,Đổi trả miễn phí trong 30 ngày,2024-11-16,133,0,0
184059211,Apple iPhone 13,Apple,24990000,13090000,48,11900000,5.0,2016,12 Tháng,Đổi trả miễn phí trong 30 ngày,2024-11-16,7802,10,130900000
276109904,Apple iPhone 16 Pro Max,Apple,34990000,34490000,1,500000,5.0,69,12 Tháng,Đổi trả miễn phí trong 30 ngày,2024-11-16,547,1,34490000
184036446,Apple iPhone 11,Apple,15999000,9890000,38,6109000,4.8,3082,12 Tháng,Đổi trả miễn phí trong 30 ngày,2024-11-16,14467,0,0
275042829,Apple iPad Pro M4 11-Inch Wi-Fi,Apple,27490000,27490000,0,0,5.0,9,No warranty info,No return policy,2024-11-16,0,0,0
275042833,Apple iPad Pro M4 11-Inch Wi-Fi+ Cellular,Apple,34490000,30990000,10,3500000,0.0,0,12 Tháng,Đổi trả miễn phí trong 30 ngày,2024-11-16,2,0,0
197214029,Apple iPhone 14,Apple,24990000,16990000,32,8000000,5.0,156,12 Tháng,Đổi trả miễn phí trong 30 ngày,2024-11-17,639,0,0
271967379,Apple iPhone 15 Plus,Apple,25990000,22490000,13,3500000,4.8,42,12 Tháng,Đổi trả miễn phí trong 30 ngày,2024-11-17,271,0,0
271966786,Apple iPhone 15,Apple,22490000,19490000,13,3000000,5.0,100,12 Tháng,Đổi trả miễn phí trong 30 ngày,2024-11-17,520,0,0
271972435,Apple iPhone 15 Pro,Apple,24800000,24800000,0,0,4.8,117,No warranty info,No return policy,2024-11-17,0,0,0
276110276,Apple iPhone 16 Plus,Apple,25990000,25990000,0,0,5.0,7,12 Tháng,Đổi trả miễn phí trong 30 ngày,2024-11-17,63,0,0
205815576,"Apple iPad 10.9-inch (10th Gen) Wi-Fi, 2022",Apple,12990000,8990000,31,4000000,5.0,107,12 Tháng,Đổi trả miễn phí trong 30 ngày,2024-11-17,416,0,0
276110349,Apple iPhone 16,Apple,22990000,21990000,4,1000000,5.0,19,12 Tháng,Đổi trả miễn phí trong 30 ngày,2024-11-17,160,0,0
271973414,Apple iPhone 15 Pro Max,Apple,33490000,28990000,13,4500000,5.0,253,12 Tháng,Đổi trả miễn phí trong 30 ngày,2024-11-17,3501,0,0
276110023,Apple iPhone 16 Pro,Apple,28990000,28790000,1,200000,5.0,17,12 Tháng,Đổi trả miễn phí trong 30 ngày,2024-11-17,133,0,0
184059211,Apple iPhone 13,Apple,24990000,13090000,48,11900000,5.0,2016,12 Tháng,Đổi trả miễn phí trong 30 ngày,2024-11-17,7817,15,196350000
276109904,Apple iPhone 16 Pro Max,Apple,34990000,34490000,1,500000,5.0,70,12 Tháng,Đổi trả miễn phí trong 30 ngày,2024-11-17,547,0,0
184036446,Apple iPhone 11,Apple,15999000,9890000,38,6109000,4.8,3082,12 Tháng,Đổi trả miễn phí trong 30 ngày,2024-11-17,14468,1,9890000
275042829,Apple iPad Pro M4 11-Inch Wi-Fi,Apple,27490000,27490000,0,0,5.0,10,No warranty info,No return policy,2024-11-17,0,0,0
275042833,Apple iPad Pro M4 11-Inch Wi-Fi+ Cellular,Apple,34490000,30990000,10,3500000,0.0,0,12 Tháng,Đổi trả miễn phí trong 30 ngày,2024-11-17,2,0,0
197214029,Apple iPhone 14,Apple,24990000,16850000,33,8140000,5.0,156,12 Tháng,Đổi trả miễn phí trong 30 ngày,2024-11-18,639,0,0
271967379,Apple iPhone 15 Plus,Apple,25990000,22490000,13,3500000,4.8,42,12 Tháng,Đổi trả miễn phí trong 30 ngày,2024-11-18,271,0,0
271966786,Apple iPhone 15,Apple,22490000,19490000,13,3000000,5.0,100,12 Tháng,Đổi trả miễn phí trong 30 ngày,2024-11-18,520,0,0
276110276,Apple iPhone 16 Plus,Apple,25990000,25990000,0,0,5.0,7,12 Tháng,Đổi trả miễn phí trong 30 ngày,2024-11-18,63,0,0
205815576,"Apple iPad 10.9-inch (10th Gen) Wi-Fi, 2022",Apple,12990000,8990000,31,4000000,5.0,107,12 Tháng,Đổi trả miễn phí trong 30 ngày,2024-11-18,416,0,0
276110349,Apple iPhone 16,Apple,22990000,21990000,4,1000000,5.0,19,12 Tháng,Đổi trả miễn phí trong 30 ngày,2024-11-18,160,0,0
271973414,Apple iPhone 15 Pro Max,Apple,33490000,28990000,13,4500000,5.0,255,12 Tháng,Đổi trả miễn phí trong 30 ngày,2024-11-18,3501,0,0
276110023,Apple iPhone 16 Pro,Apple,28990000,28790000,1,200000,5.0,17,12 Tháng,Đổi trả miễn phí trong 30 ngày,2024-11-18,137,4,115160000
184059211,Apple iPhone 13,Apple,24990000,13090000,48,11900000,5.0,2017,12 Tháng,Đổi trả miễn phí trong 30 ngày,2024-11-18,7818,1,13090000
276109904,Apple iPhone 16 Pro Max,Apple,34990000,34490000,1,500000,5.0,70,12 Tháng,Đổi trả miễn phí trong 30 ngày,2024-11-18,547,0,0
271972435,Apple iPhone 15 Pro,Apple,24800000,24800000,0,0,4.8,117,No warranty info,No return policy,2024-11-18,0,0,0
184036446,Apple iPhone 11,Apple,15999000,9890000,38,6109000,4.8,3083,12 Tháng,Đổi trả miễn phí trong 30 ngày,2024-11-18,14468,0,0
275042829,Apple iPad Pro M4 11-Inch Wi-Fi,Apple,27490000,27490000,0,0,5.0,10,No warranty info,No return policy,2024-11-18,0,0,0
275042833,Apple iPad Pro M4 11-Inch Wi-Fi+ Cellular,Apple,34490000,30990000,10,3500000,0.0,0,12 Tháng,Đổi trả miễn phí trong 30 ngày,2024-11-18,2,0,0
197214029,Apple iPhone 14,Apple,24990000,16850000,33,8140000,5.0,156,12 Tháng,Đổi trả miễn phí trong 30 ngày,2024-11-19,639,0,0
271967379,Apple iPhone 15 Plus,Apple,25990000,22490000,13,3500000,4.8,42,12 Tháng,Đổi trả miễn phí trong 30 ngày,2024-11-19,271,0,0
271966786,Apple iPhone 15,Apple,22490000,19490000,13,3000000,5.0,100,12 Tháng,Đổi trả miễn phí trong 30 ngày,2024-11-19,520,0,0
276110276,Apple iPhone 16 Plus,Apple,25990000,25750000,1,240000,5.0,7,12 Tháng,Đổi trả miễn phí trong 30 ngày,2024-11-19,63,0,0
205815576,"Apple iPad 10.9-inch (10th Gen) Wi-Fi, 2022",Apple,12990000,8990000,31,4000000,5.0,108,12 Tháng,Đổi trả miễn phí trong 30 ngày,2024-11-19,416,0,0
276110349,Apple iPhone 16,Apple,22990000,21990000,4,1000000,5.0,19,12 Tháng,Đổi trả miễn phí trong 30 ngày,2024-11-19,161,1,21990000
271973414,Apple iPhone 15 Pro Max,Apple,33490000,28990000,13,4500000,5.0,255,12 Tháng,Đổi trả miễn phí trong 30 ngày,2024-11-19,3502,1,28990000
276110023,Apple iPhone 16 Pro,Apple,28990000,28790000,1,200000,5.0,17,12 Tháng,Đổi trả miễn phí trong 30 ngày,2024-11-19,137,0,0
184059211,Apple iPhone 13,Apple,24990000,13090000,48,11900000,5.0,2017,12 Tháng,Đổi trả miễn phí trong 30 ngày,2024-11-19,7823,5,65450000
276109904,Apple iPhone 16 Pro Max,Apple,34990000,34490000,1,500000,5.0,71,12 Tháng,Đổi trả miễn phí trong 30 ngày,2024-11-19,548,1,34490000
271972435,Apple iPhone 15 Pro,Apple,24800000,24800000,0,0,4.8,117,No warranty info,No return policy,2024-11-19,0,0,0
184036446,Apple iPhone 11,Apple,15999000,9890000,38,6109000,4.8,3084,12 Tháng,Đổi trả miễn phí trong 30 ngày,2024-11-19,14468,0,0
275042829,Apple iPad Pro M4 11-Inch Wi-Fi,Apple,27490000,27490000,0,0,5.0,10,No warranty info,No return policy,2024-11-19,0,0,0
275042833,Apple iPad Pro M4 11-Inch Wi-Fi+ Cellular,Apple,34490000,30990000,10,3500000,0.0,0,12 Tháng,Đổi trả miễn phí trong 30 ngày,2024-11-19,2,0,0
275042833,Apple iPad Pro M4 11-Inch Wi-Fi+ Cellular,Apple,34490000,30990000,10,3500000,0.0,0,12 Tháng,Đổi trả miễn phí trong 30 ngày,2024-11-20,2,0,0
276109904,Apple iPhone 16 Pro Max,Apple,34990000,34490000,1,500000,5.0,71,12 Tháng,Đổi trả miễn phí trong 30 ngày,2024-11-20,558,10,344900000
197214029,Apple iPhone 14,Apple,24990000,16850000,33,8140000,5.0,156,12 Tháng,Đổi trả miễn phí trong 30 ngày,2024-11-20,639,0,0
271967379,Apple iPhone 15 Plus,Apple,25990000,22490000,13,3500000,4.8,42,12 Tháng,Đổi trả miễn phí trong 30 ngày,2024-11-20,271,0,0
275042829,Apple iPad Pro M4 11-Inch Wi-Fi,Apple,27490000,27490000,0,0,5.0,10,No warranty info,No return policy,2024-11-20,0,0,0
271972435,Apple iPhone 15 Pro,Apple,24800000,24800000,0,0,4.8,117,No warranty info,No return policy,2024-11-20,0,0,0
276110276,Apple iPhone 16 Plus,Apple,25990000,25750000,1,240000,5.0,7,12 Tháng,Đổi trả miễn phí trong 30 ngày,2024-11-20,63,0,0
205815576,"Apple iPad 10.9-inch (10th Gen) Wi-Fi, 2022",Apple,12990000,8990000,31,4000000,5.0,108,12 Tháng,Đổi trả miễn phí trong 30 ngày,2024-11-20,417,1,8990000
276110349,Apple iPhone 16,Apple,22990000,21990000,4,1000000,5.0,19,12 Tháng,Đổi trả miễn phí trong 30 ngày,2024-11-20,161,0,0
271973414,Apple iPhone 15 Pro Max,Apple,33490000,28990000,13,4500000,5.0,255,12 Tháng,Đổi trả miễn phí trong 30 ngày,2024-11-20,3503,1,28990000
276110023,Apple iPhone 16 Pro,Apple,28990000,28790000,1,200000,5.0,17,12 Tháng,Đổi trả miễn phí trong 30 ngày,2024-11-20,137,0,0
271966786,Apple iPhone 15,Apple,22490000,19490000,13,3000000,5.0,100,12 Tháng,Đổi trả miễn phí trong 30 ngày,2024-11-20,520,0,0
184059211,Apple iPhone 13,Apple,24990000,13090000,48,11900000,5.0,2017,12 Tháng,Đổi trả miễn phí trong 30 ngày,2024-11-20,7833,10,130900000
184036446,Apple iPhone 11,Apple,15999000,9890000,38,6109000,4.8,3084,12 Tháng,Đổi trả miễn phí trong 30 ngày,2024-11-20,14468,0,0
275042829,Apple iPad Pro M4 11-Inch Wi-Fi,Apple,27490000,27490000,0,0,5.0,10,No warranty info,No return policy,2024-11-21,0,0,0
275042833,Apple iPad Pro M4 11-Inch Wi-Fi+ Cellular,Apple,34490000,30990000,10,3500000,0.0,0,12 Tháng,Đổi trả miễn phí trong 30 ngày,2024-11-21,2,0,0
276110276,Apple iPhone 16 Plus,Apple,25990000,25750000,1,240000,5.0,7,12 Tháng,Đổi trả miễn phí trong 30 ngày,2024-11-21,63,0,0
271972435,Apple iPhone 15 Pro,Apple,24800000,24800000,0,0,4.8,117,No warranty info,No return policy,2024-11-21,0,0,0
205815576,"Apple iPad 10.9-inch (10th Gen) Wi-Fi, 2022",Apple,12990000,8990000,31,4000000,5.0,108,12 Tháng,Đổi trả miễn phí trong 30 ngày,2024-11-21,417,0,0
276109904,Apple iPhone 16 Pro Max,Apple,34990000,34490000,1,500000,5.0,71,12 Tháng,Đổi trả miễn phí trong 30 ngày,2024-11-21,558,0,0
184059211,Apple iPhone 13,Apple,24990000,13090000,48,11900000,5.0,2017,12 Tháng,Đổi trả miễn phí trong 30 ngày,2024-11-21,7833,0,0
276110023,Apple iPhone 16 Pro,Apple,28990000,28790000,1,200000,5.0,17,12 Tháng,Đổi trả miễn phí trong 30 ngày,2024-11-21,137,0,0
271973414,Apple iPhone 15 Pro Max,Apple,33490000,28990000,13,4500000,5.0,255,12 Tháng,Đổi trả miễn phí trong 30 ngày,2024-11-21,3503,0,0
276110349,Apple iPhone 16,Apple,22990000,21990000,4,1000000,5.0,19,12 Tháng,Đổi trả miễn phí trong 30 ngày,2024-11-21,161,0,0
184036446,Apple iPhone 11,Apple,15999000,9890000,38,6109000,4.8,3084,12 Tháng,Đổi trả miễn phí trong 30 ngày,2024-11-21,14468,0,0
271967379,Apple iPhone 15 Plus,Apple,25990000,22490000,13,3500000,4.8,42,12 Tháng,Đổi trả miễn phí trong 30 ngày,2024-11-21,271,0,0
197214029,Apple iPhone 14,Apple,24990000,16850000,33,8140000,5.0,156,12 Tháng,Đổi trả miễn phí trong 30 ngày,2024-11-21,639,0,0
271966786,Apple iPhone 15,Apple,22490000,19490000,13,3000000,5.0,100,12 Tháng,Đổi trả miễn phí trong 30 ngày,2024-11-21,520,0,0
271966786,Apple iPhone 15,Apple,22490000,19490000,13,3000000,5.0,100,12 Tháng,Đổi trả miễn phí trong 30 ngày,2024-11-22,520,0,0
197214029,Apple iPhone 14,Apple,24990000,16850000,33,8140000,5.0,156,12 Tháng,Đổi trả miễn phí trong 30 ngày,2024-11-22,639,0,0
271967379,Apple iPhone 15 Plus,Apple,25990000,22490000,13,3500000,4.8,42,12 Tháng,Đổi trả miễn phí trong 30 ngày,2024-11-22,271,0,0
184036446,Apple iPhone 11,Apple,15999000,11990000,25,4009000,4.8,3086,12 Tháng,Đổi trả miễn phí trong 30 ngày,2024-11-22,14469,1,11990000
276110349,Apple iPhone 16,Apple,22990000,21990000,4,1000000,5.0,21,12 Tháng,Đổi trả miễn phí trong 30 ngày,2024-11-22,161,0,0
271973414,Apple iPhone 15 Pro Max,Apple,33490000,28990000,13,4500000,5.0,255,12 Tháng,Đổi trả miễn phí trong 30 ngày,2024-11-22,3503,0,0
276110023,Apple iPhone 16 Pro,Apple,28990000,28790000,1,200000,5.0,17,12 Tháng,Đổi trả miễn phí trong 30 ngày,2024-11-22,138,1,28790000
184059211,Apple iPhone 13,Apple,24990000,13090000,48,11900000,5.0,2019,12 Tháng,Đổi trả miễn phí trong 30 ngày,2024-11-22,7837,4,52360000
276109904,Apple iPhone 16 Pro Max,Apple,34990000,34490000,1,500000,5.0,73,12 Tháng,Đổi trả miễn phí trong 30 ngày,2024-11-22,563,5,172450000
205815576,"Apple iPad 10.9-inch (10th Gen) Wi-Fi, 2022",Apple,12990000,8990000,31,4000000,5.0,108,12 Tháng,Đổi trả miễn phí trong 30 ngày,2024-11-22,418,1,8990000
271972435,Apple iPhone 15 Pro,Apple,24800000,24800000,0,0,4.8,117,No warranty info,No return policy,2024-11-22,0,0,0
276110276,Apple iPhone 16 Plus,Apple,25990000,25750000,1,240000,5.0,7,12 Tháng,Đổi trả miễn phí trong 30 ngày,2024-11-22,63,0,0
275042833,Apple iPad Pro M4 11-Inch Wi-Fi+ Cellular,Apple,34490000,30990000,10,3500000,0.0,0,12 Tháng,Đổi trả miễn phí trong 30 ngày,2024-11-22,2,0,0
275042829,Apple iPad Pro M4 11-Inch Wi-Fi,Apple,27490000,27490000,0,0,5.0,10,No warranty info,No return policy,2024-11-22,0,0,0
197214029,Apple iPhone 14,Apple,24990000,16850000,33,8140000,5.0,156,12 Tháng,Đổi trả miễn phí trong 30 ngày,2024-11-23,639,0,0
271967379,Apple iPhone 15 Plus,Apple,25990000,22490000,13,3500000,4.8,42,12 Tháng,Đổi trả miễn phí trong 30 ngày,2024-11-23,271,0,0
271966786,Apple iPhone 15,Apple,22490000,19490000,13,3000000,5.0,100,12 Tháng,Đổi trả miễn phí trong 30 ngày,2024-11-23,520,0,0
271972435,Apple iPhone 15 Pro,Apple,24800000,24800000,0,0,4.8,117,No warranty info,No return policy,2024-11-23,0,0,0
276110276,Apple iPhone 16 Plus,Apple,25990000,25750000,1,240000,5.0,7,12 Tháng,Đổi trả miễn phí trong 30 ngày,2024-11-23,63,0,0
205815576,"Apple iPad 10.9-inch (10th Gen) Wi-Fi, 2022",Apple,12990000,8990000,31,4000000,5.0,108,12 Tháng,Đổi trả miễn phí trong 30 ngày,2024-11-23,418,0,0
276110349,Apple iPhone 16,Apple,22990000,21990000,4,1000000,5.0,21,12 Tháng,Đổi trả miễn phí trong 30 ngày,2024-11-23,161,0,0
271973414,Apple iPhone 15 Pro Max,Apple,33490000,28990000,13,4500000,5.0,255,12 Tháng,Đổi trả miễn phí trong 30 ngày,2024-11-23,3503,0,0
276110023,Apple iPhone 16 Pro,Apple,28990000,28790000,1,200000,5.0,17,12 Tháng,Đổi trả miễn phí trong 30 ngày,2024-11-23,138,0,0
184059211,Apple iPhone 13,Apple,24990000,13090000,48,11900000,5.0,2019,12 Tháng,Đổi trả miễn phí trong 30 ngày,2024-11-23,7837,0,0
276109904,Apple iPhone 16 Pro Max,Apple,34990000,34490000,1,500000,5.0,73,12 Tháng,Đổi trả miễn phí trong 30 ngày,2024-11-23,563,0,0
184036446,Apple iPhone 11,Apple,15999000,11990000,25,4009000,4.8,3086,12 Tháng,Đổi trả miễn phí trong 30 ngày,2024-11-23,14469,0,0
275042829,Apple iPad Pro M4 11-Inch Wi-Fi,Apple,27490000,27490000,0,0,5.0,10,No warranty info,No return policy,2024-11-23,0,0,0
275042833,Apple iPad Pro M4 11-Inch Wi-Fi+ Cellular,Apple,34490000,30990000,10,3500000,0.0,0,12 Tháng,Đổi trả miễn phí trong 30 ngày,2024-11-23,2,0,0
271966786,Apple iPhone 15,Apple,22490000,19490000,13,3000000,5.0,100,12 Tháng,Đổi trả miễn phí trong 30 ngày,2024-11-24,520,0,0
271967379,Apple iPhone 15 Plus,Apple,25990000,22490000,13,3500000,4.8,42,12 Tháng,Đổi trả miễn phí trong 30 ngày,2024-11-24,271,0,0
197214029,Apple iPhone 14,Apple,24990000,16850000,33,8140000,5.0,156,12 Tháng,Đổi trả miễn phí trong 30 ngày,2024-11-24,639,0,0
276110349,Apple iPhone 16,Apple,22990000,21990000,4,1000000,5.0,21,12 Tháng,Đổi trả miễn phí trong 30 ngày,2024-11-24,162,1,21990000
271973414,Apple iPhone 15 Pro Max,Apple,33490000,28990000,13,4500000,5.0,255,12 Tháng,Đổi trả miễn phí trong 30 ngày,2024-11-24,3504,1,28990000
276110023,Apple iPhone 16 Pro,Apple,28990000,28790000,1,200000,5.0,17,12 Tháng,Đổi trả miễn phí trong 30 ngày,2024-11-24,140,2,57580000
184059211,Apple iPhone 13,Apple,24990000,13090000,48,11900000,5.0,2020,12 Tháng,Đổi trả miễn phí trong 30 ngày,2024-11-24,7837,0,0
205815576,"Apple iPad 10.9-inch (10th Gen) Wi-Fi, 2022",Apple,12990000,8990000,31,4000000,5.0,108,12 Tháng,Đổi trả miễn phí trong 30 ngày,2024-11-24,418,0,0
276110276,Apple iPhone 16 Plus,Apple,25990000,25750000,1,240000,5.0,7,12 Tháng,Đổi trả miễn phí trong 30 ngày,2024-11-24,63,0,0
271972435,Apple iPhone 15 Pro,Apple,24800000,24800000,0,0,4.8,117,No warranty info,No return policy,2024-11-24,0,0,0
184036446,Apple iPhone 11,Apple,15999000,11990000,25,4009000,4.8,3086,12 Tháng,Đổi trả miễn phí trong 30 ngày,2024-11-24,14469,0,0
275042829,Apple iPad Pro M4 11-Inch Wi-Fi,Apple,27490000,27490000,0,0,5.0,10,No warranty info,No return policy,2024-11-24,0,0,0
197214029,Apple iPhone 14,Apple,24990000,16850000,33,8140000,5.0,156,12 Tháng,Đổi trả miễn phí trong 30 ngày,2024-11-25,639,0,0
271967379,Apple iPhone 15 Plus,Apple,25990000,22490000,13,3500000,4.8,42,12 Tháng,Đổi trả miễn phí trong 30 ngày,2024-11-25,271,0,0
271966786,Apple iPhone 15,Apple,22490000,19490000,13,3000000,5.0,100,12 Tháng,Đổi trả miễn phí trong 30 ngày,2024-11-25,520,0,0
271972435,Apple iPhone 15 Pro,Apple,24800000,24800000,0,0,4.8,117,No warranty info,No return policy,2024-11-25,0,0,0
276110276,Apple iPhone 16 Plus,Apple,25990000,25750000,1,240000,5.0,7,12 Tháng,Đổi trả miễn phí trong 30 ngày,2024-11-25,64,1,25750000
205815576,"Apple iPad 10.9-inch (10th Gen) Wi-Fi, 2022",Apple,12990000,8990000,31,4000000,5.0,108,12 Tháng,Đổi trả miễn phí trong 30 ngày,2024-11-25,418,0,0
276110349,Apple iPhone 16,Apple,22990000,21990000,4,1000000,5.0,21,12 Tháng,Đổi trả miễn phí trong 30 ngày,2024-11-25,162,0,0
271973414,Apple iPhone 15 Pro Max,Apple,33490000,28990000,13,4500000,5.0,255,12 Tháng,Đổi trả miễn phí trong 30 ngày,2024-11-25,3504,0,0
276110023,Apple iPhone 16 Pro,Apple,28990000,28790000,1,200000,5.0,17,12 Tháng,Đổi trả miễn phí trong 30 ngày,2024-11-25,140,0,0
184059211,Apple iPhone 13,Apple,24990000,13090000,48,11900000,5.0,2020,12 Tháng,Đổi trả miễn phí trong 30 ngày,2024-11-25,7839,2,26180000
276109904,Apple iPhone 16 Pro Max,Apple,34990000,33990000,3,1000000,5.0,73,12 Tháng,Đổi trả miễn phí trong 30 ngày,2024-11-25,564,1,33990000
184036446,Apple iPhone 11,Apple,15999000,11990000,25,4009000,4.8,3086,12 Tháng,Đổi trả miễn phí trong 30 ngày,2024-11-25,14469,0,0
275042829,Apple iPad Pro M4 11-Inch Wi-Fi,Apple,27490000,27490000,0,0,5.0,10,No warranty info,No return policy,2024-11-25,0,0,0
275042833,Apple iPad Pro M4 11-Inch Wi-Fi+ Cellular,Apple,34490000,30990000,10,3500000,0.0,0,12 Tháng,Đổi trả miễn phí trong 30 ngày,2024-11-25,2,0,0
197214029,Apple iPhone 14,Apple,24990000,16850000,33,8140000,5.0,156,12 Tháng,Đổi trả miễn phí trong 30 ngày,2024-11-26,639,0,0
271967379,Apple iPhone 15 Plus,Apple,25990000,22490000,13,3500000,4.8,42,12 Tháng,Đổi trả miễn phí trong 30 ngày,2024-11-26,271,0,0
271966786,Apple iPhone 15,Apple,22490000,19490000,13,3000000,5.0,100,12 Tháng,Đổi trả miễn phí trong 30 ngày,2024-11-26,520,0,0
271972435,Apple iPhone 15 Pro,Apple,24800000,24800000,0,0,4.8,117,No warranty info,No return policy,2024-11-26,0,0,0
276110276,Apple iPhone 16 Plus,Apple,25990000,25750000,1,240000,5.0,7,12 Tháng,Đổi trả miễn phí trong 30 ngày,2024-11-26,64,0,0
205815576,"Apple iPad 10.9-inch (10th Gen) Wi-Fi, 2022",Apple,12990000,8990000,31,4000000,5.0,108,12 Tháng,Đổi trả miễn phí trong 30 ngày,2024-11-26,418,0,0
276110349,Apple iPhone 16,Apple,22990000,21990000,4,1000000,5.0,21,12 Tháng,Đổi trả miễn phí trong 30 ngày,2024-11-26,163,1,21990000
271973414,Apple iPhone 15 Pro Max,Apple,33490000,28990000,13,4500000,5.0,256,12 Tháng,Đổi trả miễn phí trong 30 ngày,2024-11-26,3504,0,0
276110023,Apple iPhone 16 Pro,Apple,28990000,28790000,1,200000,5.0,17,12 Tháng,Đổi trả miễn phí trong 30 ngày,2024-11-26,140,0,0
184059211,Apple iPhone 13,Apple,24990000,13090000,48,11900000,5.0,2020,12 Tháng,Đổi trả miễn phí trong 30 ngày,2024-11-26,7842,3,39270000
276109904,Apple iPhone 16 Pro Max,Apple,34990000,33990000,3,1000000,5.0,73,12 Tháng,Đổi trả miễn phí trong 30 ngày,2024-11-26,565,1,33990000
184036446,Apple iPhone 11,Apple,15999000,9890000,38,6109000,4.8,3086,12 Tháng,Đổi trả miễn phí trong 30 ngày,2024-11-26,14469,0,0
275042829,Apple iPad Pro M4 11-Inch Wi-Fi,Apple,27490000,27490000,0,0,5.0,10,No warranty info,No return policy,2024-11-26,0,0,0
275042833,Apple iPad Pro M4 11-Inch Wi-Fi+ Cellular,Apple,34490000,30990000,10,3500000,0.0,0,12 Tháng,Đổi trả miễn phí trong 30 ngày,2024-11-26,2,0,0
197214029,Apple iPhone 14,Apple,24990000,16850000,33,8140000,5.0,156,12 Tháng,Đổi trả miễn phí trong 30 ngày,2024-11-27,639,0,0
271967379,Apple iPhone 15 Plus,Apple,25990000,22490000,13,3500000,4.8,42,12 Tháng,Đổi trả miễn phí trong 30 ngày,2024-11-27,271,0,0
271966786,Apple iPhone 15,Apple,22490000,19490000,13,3000000,5.0,100,12 Tháng,Đổi trả miễn phí trong 30 ngày,2024-11-27,520,0,0
271972435,Apple iPhone 15 Pro,Apple,24800000,24800000,0,0,4.8,117,No warranty info,No return policy,2024-11-27,0,0,0
276110276,Apple iPhone 16 Plus,Apple,25990000,25750000,1,240000,5.0,7,12 Tháng,Đổi trả miễn phí trong 30 ngày,2024-11-27,64,0,0
205815576,"Apple iPad 10.9-inch (10th Gen) Wi-Fi, 2022",Apple,12990000,8990000,31,4000000,5.0,108,12 Tháng,Đổi trả miễn phí trong 30 ngày,2024-11-27,418,0,0
276110349,Apple iPhone 16,Apple,22990000,21990000,4,1000000,5.0,21,12 Tháng,Đổi trả miễn phí trong 30 ngày,2024-11-27,166,3,65970000
271973414,Apple iPhone 15 Pro Max,Apple,33490000,28990000,13,4500000,5.0,256,12 Tháng,Đổi trả miễn phí trong 30 ngày,2024-11-27,3504,0,0
276110023,Apple iPhone 16 Pro,Apple,28990000,28790000,1,200000,5.0,17,12 Tháng,Đổi trả miễn phí trong 30 ngày,2024-11-27,141,1,28790000
184059211,Apple iPhone 13,Apple,24990000,13090000,48,11900000,5.0,2022,12 Tháng,Đổi trả miễn phí trong 30 ngày,2024-11-27,7844,2,26180000
276109904,Apple iPhone 16 Pro Max,Apple,34990000,33990000,3,1000000,5.0,73,12 Tháng,Đổi trả miễn phí trong 30 ngày,2024-11-27,569,4,135960000
184036446,Apple iPhone 11,Apple,15999000,9890000,38,6109000,4.8,3086,12 Tháng,Đổi trả miễn phí trong 30 ngày,2024-11-27,14469,0,0
275042829,Apple iPad Pro M4 11-Inch Wi-Fi,Apple,27490000,27490000,0,0,5.0,10,No warranty info,No return policy,2024-11-27,0,0,0
275042833,Apple iPad Pro M4 11-Inch Wi-Fi+ Cellular,Apple,34490000,30990000,10,3500000,0.0,0,12 Tháng,Đổi trả miễn phí trong 30 ngày,2024-11-27,2,0,0
197214029,Apple iPhone 14,Apple,24990000,16990000,32,8000000,5.0,156,12 Tháng,Đổi trả miễn phí trong 30 ngày,2024-11-28,639,0,0
271967379,Apple iPhone 15 Plus,Apple,25990000,22490000,13,3500000,4.8,42,12 Tháng,Đổi trả miễn phí trong 30 ngày,2024-11-28,271,0,0
271966786,Apple iPhone 15,Apple,22490000,19490000,13,3000000,5.0,100,12 Tháng,Đổi trả miễn phí trong 30 ngày,2024-11-28,520,0,0
276110276,Apple iPhone 16 Plus,Apple,25990000,25750000,1,240000,5.0,7,12 Tháng,Đổi trả miễn phí trong 30 ngày,2024-11-28,64,0,0
205815576,"Apple iPad 10.9-inch (10th Gen) Wi-Fi, 2022",Apple,12990000,8990000,31,4000000,5.0,108,12 Tháng,Đổi trả miễn phí trong 30 ngày,2024-11-28,418,0,0
276110349,Apple iPhone 16,Apple,22990000,21990000,4,1000000,5.0,21,12 Tháng,Đổi trả miễn phí trong 30 ngày,2024-11-28,166,0,0
271973414,Apple iPhone 15 Pro Max,Apple,33490000,28990000,13,4500000,5.0,256,12 Tháng,Đổi trả miễn phí trong 30 ngày,2024-11-28,3504,0,0
276110023,Apple iPhone 16 Pro,Apple,28990000,28790000,1,200000,5.0,17,12 Tháng,Đổi trả miễn phí trong 30 ngày,2024-11-28,141,0,0
184059211,Apple iPhone 13,Apple,24990000,13090000,48,11900000,5.0,2023,12 Tháng,Đổi trả miễn phí trong 30 ngày,2024-11-28,7846,2,26180000
276109904,Apple iPhone 16 Pro Max,Apple,34990000,33990000,3,1000000,5.0,73,12 Tháng,Đổi trả miễn phí trong 30 ngày,2024-11-28,569,0,0
271972435,Apple iPhone 15 Pro,Apple,24800000,24800000,0,0,4.8,117,No warranty info,No return policy,2024-11-28,0,0,0
184036446,Apple iPhone 11,Apple,15999000,9890000,38,6109000,4.8,3086,12 Tháng,Đổi trả miễn phí trong 30 ngày,2024-11-28,14469,0,0
275042829,Apple iPad Pro M4 11-Inch Wi-Fi,Apple,27490000,27490000,0,0,5.0,10,No warranty info,No return policy,2024-11-28,0,0,0
275042833,Apple iPad Pro M4 11-Inch Wi-Fi+ Cellular,Apple,34490000,30990000,10,3500000,0.0,0,12 Tháng,Đổi trả miễn phí trong 30 ngày,2024-11-28,2,0,0
197214029,Apple iPhone 14,Apple,16990000,16990000,0,0,5.0,156,No warranty info,No return policy,2024-11-29,0,0,0
271967379,Apple iPhone 15 Plus,Apple,25990000,22490000,13,3500000,4.8,42,12 Tháng,Đổi trả miễn phí trong 30 ngày,2024-11-29,271,0,0
271966786,Apple iPhone 15,Apple,22490000,19490000,13,3000000,5.0,100,12 Tháng,Đổi trả miễn phí trong 30 ngày,2024-11-29,520,0,0
276110276,Apple iPhone 16 Plus,Apple,25990000,25750000,1,240000,5.0,7,12 Tháng,Đổi trả miễn phí trong 30 ngày,2024-11-29,64,0,0
205815576,"Apple iPad 10.9-inch (10th Gen) Wi-Fi, 2022",Apple,12990000,8990000,31,4000000,5.0,108,12 Tháng,Đổi trả miễn phí trong 30 ngày,2024-11-29,418,0,0
276110349,Apple iPhone 16,Apple,22990000,21990000,4,1000000,5.0,21,12 Tháng,Đổi trả miễn phí trong 30 ngày,2024-11-29,167,1,21990000
271973414,Apple iPhone 15 Pro Max,Apple,33490000,28990000,13,4500000,5.0,256,12 Tháng,Đổi trả miễn phí trong 30 ngày,2024-11-29,3504,0,0
276110023,Apple iPhone 16 Pro,Apple,28990000,28790000,1,200000,5.0,17,12 Tháng,Đổi trả miễn phí trong 30 ngày,2024-11-29,141,0,0
184059211,Apple iPhone 13,Apple,24990000,13090000,48,11900000,5.0,2023,12 Tháng,Đổi trả miễn phí trong 30 ngày,2024-11-29,7854,8,104720000
276109904,Apple iPhone 16 Pro Max,Apple,34990000,33990000,3,1000000,5.0,73,12 Tháng,Đổi trả miễn phí trong 30 ngày,2024-11-29,571,2,67980000
271972435,Apple iPhone 15 Pro,Apple,24800000,24800000,0,0,4.8,117,No warranty info,No return policy,2024-11-29,0,0,0
184036446,Apple iPhone 11,Apple,15999000,9890000,38,6109000,4.8,3086,12 Tháng,Đổi trả miễn phí trong 30 ngày,2024-11-29,14469,0,0
275042829,Apple iPad Pro M4 11-Inch Wi-Fi,Apple,27490000,27490000,0,0,5.0,10,No warranty info,No return policy,2024-11-29,0,0,0
275042833,Apple iPad Pro M4 11-Inch Wi-Fi+ Cellular,Apple,34490000,31900000,8,2590000,0.0,0,12 Tháng,Đổi trả miễn phí trong 30 ngày,2024-11-29,2,0,0
197214029,Apple iPhone 14,Apple,16990000,16990000,0,0,5.0,156,No warranty info,No return policy,2024-11-30,0,0,0
271967379,Apple iPhone 15 Plus,Apple,25990000,22490000,13,3500000,4.8,42,12 Tháng,Đổi trả miễn phí trong 30 ngày,2024-11-30,271,0,0
271966786,Apple iPhone 15,Apple,22490000,19490000,13,3000000,5.0,100,12 Tháng,Đổi trả miễn phí trong 30 ngày,2024-11-30,520,0,0
271972435,Apple iPhone 15 Pro,Apple,24800000,24800000,0,0,4.8,117,No warranty info,No return policy,2024-11-30,0,0,0
276110276,Apple iPhone 16 Plus,Apple,25990000,25750000,1,240000,5.0,7,12 Tháng,Đổi trả miễn phí trong 30 ngày,2024-11-30,64,0,0
205815576,"Apple iPad 10.9-inch (10th Gen) Wi-Fi, 2022",Apple,12990000,8990000,31,4000000,5.0,108,12 Tháng,Đổi trả miễn phí trong 30 ngày,2024-11-30,419,1,8990000
276110349,Apple iPhone 16,Apple,22990000,21990000,4,1000000,5.0,21,12 Tháng,Đổi trả miễn phí trong 30 ngày,2024-11-30,168,1,21990000
271973414,Apple iPhone 15 Pro Max,Apple,33490000,28990000,13,4500000,5.0,256,12 Tháng,Đổi trả miễn phí trong 30 ngày,2024-11-30,3504,0,0
276110023,Apple iPhone 16 Pro,Apple,28990000,28790000,1,200000,5.0,17,12 Tháng,Đổi trả miễn phí trong 30 ngày,2024-11-30,141,0,0
184059211,Apple iPhone 13,Apple,24990000,13090000,48,11900000,5.0,2023,12 Tháng,Đổi trả miễn phí trong 30 ngày,2024-11-30,7856,2,26180000
276109904,Apple iPhone 16 Pro Max,Apple,34990000,33990000,3,1000000,5.0,73,12 Tháng,Đổi trả miễn phí trong 30 ngày,2024-11-30,576,5,169950000
184036446,Apple iPhone 11,Apple,15999000,9890000,38,6109000,4.8,3086,12 Tháng,Đổi trả miễn phí trong 30 ngày,2024-11-30,14469,0,0
275042829,Apple iPad Pro M4 11-Inch Wi-Fi,Apple,27490000,27490000,0,0,5.0,10,No warranty info,No return policy,2024-11-30,0,0,0
275042833,Apple iPad Pro M4 11-Inch Wi-Fi+ Cellular,Apple,34490000,31900000,8,2590000,0.0,0,12 Tháng,Đổi trả miễn phí trong 30 ngày,2024-11-30,2,0,0
275042833,Apple iPad Pro M4 11-Inch Wi-Fi+ Cellular,Apple,34490000,31900000,8,2590000,0.0,0,12 Tháng,Đổi trả miễn phí trong 30 ngày,2024-12-01,2,0,0
275042829,Apple iPad Pro M4 11-Inch Wi-Fi,Apple,27490000,27490000,0,0,5.0,10,No warranty info,No return policy,2024-12-01,0,0,0
184036446,Apple iPhone 11,Apple,15999000,11990000,25,4009000,4.8,3086,12 Tháng,Đổi trả miễn phí trong 30 ngày,2024-12-01,14469,0,0
276109904,Apple iPhone 16 Pro Max,Apple,34990000,34990000,0,0,5.0,73,12 Tháng,Đổi trả miễn phí trong 30 ngày,2024-12-01,578,2,69980000
184059211,Apple iPhone 13,Apple,24990000,13370000,46,11620000,5.0,2023,12 Tháng,Đổi trả miễn phí trong 30 ngày,2024-12-01,7858,2,26740000
276110023,Apple iPhone 16 Pro,Apple,28990000,28990000,0,0,5.0,17,12 Tháng,Đổi trả miễn phí trong 30 ngày,2024-12-01,142,1,28990000
271973414,Apple iPhone 15 Pro Max,Apple,33490000,28460000,15,5030000,5.0,256,12 Tháng,Đổi trả miễn phí trong 30 ngày,2024-12-01,3504,0,0
276110349,Apple iPhone 16,Apple,22990000,22990000,0,0,5.0,21,12 Tháng,Đổi trả miễn phí trong 30 ngày,2024-12-01,168,0,0
205815576,"Apple iPad 10.9-inch (10th Gen) Wi-Fi, 2022",Apple,12990000,9750000,25,3240000,5.0,108,12 Tháng,Đổi trả miễn phí trong 30 ngày,2024-12-01,419,0,0
276110276,Apple iPhone 16 Plus,Apple,25990000,25990000,0,0,5.0,7,12 Tháng,Đổi trả miễn phí trong 30 ngày,2024-12-01,64,0,0
271972435,Apple iPhone 15 Pro,Apple,24800000,24800000,0,0,4.8,117,No warranty info,No return policy,2024-12-01,0,0,0
271966786,Apple iPhone 15,Apple,22490000,19510000,13,2980000,5.0,100,12 Tháng,Đổi trả miễn phí trong 30 ngày,2024-12-01,520,0,0
271967379,Apple iPhone 15 Plus,Apple,25990000,22440000,14,3550000,4.8,42,12 Tháng,Đổi trả miễn phí trong 30 ngày,2024-12-01,271,0,0
197214029,Apple iPhone 14,Apple,16990000,16990000,0,0,5.0,156,No warranty info,No return policy,2024-12-01,0,0,0
275042833,Apple iPad Pro M4 11-Inch Wi-Fi+ Cellular,Apple,34490000,30990000,10,3500000,0.0,0,12 Tháng,Đổi trả miễn phí trong 30 ngày,2024-12-02,2,0,0
275042829,Apple iPad Pro M4 11-Inch Wi-Fi,Apple,27490000,27490000,0,0,5.0,10,No warranty info,No return policy,2024-12-02,0,0,0
184036446,Apple iPhone 11,Apple,15999000,11990000,25,4009000,4.8,3086,12 Tháng,Đổi trả miễn phí trong 30 ngày,2024-12-02,14469,0,0
276109904,Apple iPhone 16 Pro Max,Apple,34990000,33990000,3,1000000,5.0,73,12 Tháng,Đổi trả miễn phí trong 30 ngày,2024-12-02,579,1,33990000
184059211,Apple iPhone 13,Apple,24990000,13250000,47,11740000,5.0,2023,12 Tháng,Đổi trả miễn phí trong 30 ngày,2024-12-02,7859,1,13250000
276110023,Apple iPhone 16 Pro,Apple,28990000,28790000,1,200000,5.0,17,12 Tháng,Đổi trả miễn phí trong 30 ngày,2024-12-02,142,0,0
271973414,Apple iPhone 15 Pro Max,Apple,33490000,28990000,13,4500000,5.0,256,12 Tháng,Đổi trả miễn phí trong 30 ngày,2024-12-02,3504,0,0
276110349,Apple iPhone 16,Apple,22990000,21990000,4,1000000,5.0,21,12 Tháng,Đổi trả miễn phí trong 30 ngày,2024-12-02,168,0,0
205815576,"Apple iPad 10.9-inch (10th Gen) Wi-Fi, 2022",Apple,12990000,8990000,31,4000000,5.0,108,12 Tháng,Đổi trả miễn phí trong 30 ngày,2024-12-02,420,1,8990000
276110276,Apple iPhone 16 Plus,Apple,25990000,25750000,1,240000,5.0,7,12 Tháng,Đổi trả miễn phí trong 30 ngày,2024-12-02,64,0,0
271972435,Apple iPhone 15 Pro,Apple,24800000,24800000,0,0,4.8,117,No warranty info,No return policy,2024-12-02,0,0,0
271966786,Apple iPhone 15,Apple,22490000,19290000,14,3200000,5.0,100,12 Tháng,Đổi trả miễn phí trong 30 ngày,2024-12-02,520,0,0
271967379,Apple iPhone 15 Plus,Apple,25990000,22290000,14,3700000,4.8,42,12 Tháng,Đổi trả miễn phí trong 30 ngày,2024-12-02,271,0,0
197214029,Apple iPhone 14,Apple,16990000,16990000,0,0,5.0,156,No warranty info,No return policy,2024-12-02,0,0,0
197214029,Apple iPhone 14,Apple,24990000,16990000,32,8000000,5.0,156,12 Tháng,Đổi trả miễn phí trong 30 ngày,2024-12-03,639,639,10856610000
271967379,Apple iPhone 15 Plus,Apple,25990000,22290000,14,3700000,4.8,42,12 Tháng,Đổi trả miễn phí trong 30 ngày,2024-12-03,271,0,0
271966786,Apple iPhone 15,Apple,22490000,19290000,14,3200000,5.0,100,12 Tháng,Đổi trả miễn phí trong 30 ngày,2024-12-03,520,0,0
271972435,Apple iPhone 15 Pro,Apple,24800000,24800000,0,0,4.8,117,No warranty info,No return policy,2024-12-03,0,0,0
276110276,Apple iPhone 16 Plus,Apple,25990000,25750000,1,240000,5.0,7,12 Tháng,Đổi trả miễn phí trong 30 ngày,2024-12-03,64,0,0
205815576,"Apple iPad 10.9-inch (10th Gen) Wi-Fi, 2022",Apple,12990000,8990000,31,4000000,5.0,108,12 Tháng,Đổi trả miễn phí trong 30 ngày,2024-12-03,423,3,26970000
276110349,Apple iPhone 16,Apple,22990000,21990000,4,1000000,5.0,21,12 Tháng,Đổi trả miễn phí trong 30 ngày,2024-12-03,168,0,0
271973414,Apple iPhone 15 Pro Max,Apple,33490000,28990000,13,4500000,5.0,256,12 Tháng,Đổi trả miễn phí trong 30 ngày,2024-12-03,3504,0,0
276110023,Apple iPhone 16 Pro,Apple,28990000,28790000,1,200000,5.0,17,12 Tháng,Đổi trả miễn phí trong 30 ngày,2024-12-03,142,0,0
184059211,Apple iPhone 13,Apple,24990000,13250000,47,11740000,5.0,2023,12 Tháng,Đổi trả miễn phí trong 30 ngày,2024-12-03,7861,2,26500000
276109904,Apple iPhone 16 Pro Max,Apple,34990000,33990000,3,1000000,5.0,73,12 Tháng,Đổi trả miễn phí trong 30 ngày,2024-12-03,581,2,67980000
184036446,Apple iPhone 11,Apple,15999000,11990000,25,4009000,4.8,3086,12 Tháng,Đổi trả miễn phí trong 30 ngày,2024-12-03,14469,0,0
275042829,Apple iPad Pro M4 11-Inch Wi-Fi,Apple,27490000,27490000,0,0,5.0,10,No warranty info,No return policy,2024-12-03,0,0,0
275042833,Apple iPad Pro M4 11-Inch Wi-Fi+ Cellular,Apple,34490000,30990000,10,3500000,0.0,0,12 Tháng,Đổi trả miễn phí trong 30 ngày,2024-12-03,2,0,0
197214029,Apple iPhone 14,Apple,24990000,16990000,32,8000000,5.0,156,12 Tháng,Đổi trả miễn phí trong 30 ngày,2024-12-04,639,0,0
271967379,Apple iPhone 15 Plus,Apple,25990000,22290000,14,3700000,4.8,42,12 Tháng,Đổi trả miễn phí trong 30 ngày,2024-12-04,271,0,0
271966786,Apple iPhone 15,Apple,22490000,19290000,14,3200000,5.0,100,12 Tháng,Đổi trả miễn phí trong 30 ngày,2024-12-04,520,0,0
271972435,Apple iPhone 15 Pro,Apple,24800000,24800000,0,0,4.8,117,No warranty info,No return policy,2024-12-04,0,0,0
276110276,Apple iPhone 16 Plus,Apple,25990000,25490000,2,500000,5.0,7,12 Tháng,Đổi trả miễn phí trong 30 ngày,2024-12-04,64,0,0
205815576,"Apple iPad 10.9-inch (10th Gen) Wi-Fi, 2022",Apple,12990000,8990000,31,4000000,5.0,108,12 Tháng,Đổi trả miễn phí trong 30 ngày,2024-12-04,424,1,8990000
276110349,Apple iPhone 16,Apple,22990000,21990000,4,1000000,5.0,21,12 Tháng,Đổi trả miễn phí trong 30 ngày,2024-12-04,169,1,21990000
271973414,Apple iPhone 15 Pro Max,Apple,33490000,28990000,13,4500000,5.0,256,12 Tháng,Đổi trả miễn phí trong 30 ngày,2024-12-04,3504,0,0
276110023,Apple iPhone 16 Pro,Apple,28990000,28490000,2,500000,5.0,17,12 Tháng,Đổi trả miễn phí trong 30 ngày,2024-12-04,142,0,0
184059211,Apple iPhone 13,Apple,24990000,13250000,47,11740000,5.0,2024,12 Tháng,Đổi trả miễn phí trong 30 ngày,2024-12-04,7864,3,39750000
276109904,Apple iPhone 16 Pro Max,Apple,34990000,33490000,4,1500000,5.0,73,12 Tháng,Đổi trả miễn phí trong 30 ngày,2024-12-04,581,0,0
184036446,Apple iPhone 11,Apple,11990000,15999000,0,0,4.8,3087,No warranty info,No return policy,2024-12-04,0,0,0
275042829,Apple iPad Pro M4 11-Inch Wi-Fi,Apple,27490000,27490000,0,0,5.0,10,No warranty info,No return policy,2024-12-04,0,0,0
275042833,Apple iPad Pro M4 11-Inch Wi-Fi+ Cellular,Apple,34490000,30990000,10,3500000,0.0,0,12 Tháng,Đổi trả miễn phí trong 30 ngày,2024-12-04,2,0,0
275042833,Apple iPad Pro M4 11-Inch Wi-Fi+ Cellular,Apple,34490000,30990000,10,3500000,0.0,0,12 Tháng,Đổi trả miễn phí trong 30 ngày,2024-12-05,2,0,0
275042829,Apple iPad Pro M4 11-Inch Wi-Fi,Apple,27490000,27490000,0,0,5.0,10,No warranty info,No return policy,2024-12-05,0,0,0
184036446,Apple iPhone 11,Apple,15999000,11990000,25,4009000,4.8,3087,12 Tháng,Đổi trả miễn phí trong 30 ngày,2024-12-05,14470,14470,173495300000
276109904,Apple iPhone 16 Pro Max,Apple,34990000,33490000,4,1500000,5.0,75,12 Tháng,Đổi trả miễn phí trong 30 ngày,2024-12-05,584,3,100470000
184059211,Apple iPhone 13,Apple,24990000,13520000,46,11470000,5.0,2024,12 Tháng,Đổi trả miễn phí trong 30 ngày,2024-12-05,7866,2,27040000
276110023,Apple iPhone 16 Pro,Apple,28990000,28490000,2,500000,5.0,17,12 Tháng,Đổi trả miễn phí trong 30 ngày,2024-12-05,142,0,0
271973414,Apple iPhone 15 Pro Max,Apple,33490000,28990000,13,4500000,5.0,256,12 Tháng,Đổi trả miễn phí trong 30 ngày,2024-12-05,3504,0,0
276110349,Apple iPhone 16,Apple,22990000,21990000,4,1000000,5.0,21,12 Tháng,Đổi trả miễn phí trong 30 ngày,2024-12-05,169,0,0
205815576,"Apple iPad 10.9-inch (10th Gen) Wi-Fi, 2022",Apple,12990000,8990000,31,4000000,5.0,108,12 Tháng,Đổi trả miễn phí trong 30 ngày,2024-12-05,424,0,0
276110276,Apple iPhone 16 Plus,Apple,25990000,25490000,2,500000,5.0,7,12 Tháng,Đổi trả miễn phí trong 30 ngày,2024-12-05,64,0,0
271972435,Apple iPhone 15 Pro,Apple,24800000,24800000,0,0,4.8,117,No warranty info,No return policy,2024-12-05,0,0,0
271966786,Apple iPhone 15,Apple,22490000,19290000,14,3200000,5.0,100,12 Tháng,Đổi trả miễn phí trong 30 ngày,2024-12-05,520,0,0
271967379,Apple iPhone 15 Plus,Apple,25990000,22290000,14,3700000,4.8,42,12 Tháng,Đổi trả miễn phí trong 30 ngày,2024-12-05,271,0,0
197214029,Apple iPhone 14,Apple,24990000,16990000,32,8000000,5.0,156,12 Tháng,Đổi trả miễn phí trong 30 ngày,2024-12-05,639,0,0
275042833,Apple iPad Pro M4 11-Inch Wi-Fi+ Cellular,Apple,34490000,30990000,10,3500000,0.0,0,12 Tháng,Đổi trả miễn phí trong 30 ngày,2024-12-06,2,0,0
275042829,Apple iPad Pro M4 11-Inch Wi-Fi,Apple,27490000,27490000,0,0,5.0,10,No warranty info,No return policy,2024-12-06,0,0,0
184036446,Apple iPhone 11,Apple,15999000,9890000,38,6109000,4.8,3088,12 Tháng,Đổi trả miễn phí trong 30 ngày,2024-12-06,14470,0,0
276109904,Apple iPhone 16 Pro Max,Apple,34990000,33490000,4,1500000,5.0,75,12 Tháng,Đổi trả miễn phí trong 30 ngày,2024-12-06,589,5,167450000
184059211,Apple iPhone 13,Apple,24990000,13090000,48,11900000,5.0,2025,12 Tháng,Đổi trả miễn phí trong 30 ngày,2024-12-06,7868,2,26180000
276110023,Apple iPhone 16 Pro,Apple,28990000,28490000,2,500000,5.0,17,12 Tháng,Đổi trả miễn phí trong 30 ngày,2024-12-06,143,1,28490000
271973414,Apple iPhone 15 Pro Max,Apple,33490000,28990000,13,4500000,5.0,256,12 Tháng,Đổi trả miễn phí trong 30 ngày,2024-12-06,3504,0,0
276110349,Apple iPhone 16,Apple,22990000,21990000,4,1000000,5.0,21,12 Tháng,Đổi trả miễn phí trong 30 ngày,2024-12-06,171,2,43980000
205815576,"Apple iPad 10.9-inch (10th Gen) Wi-Fi, 2022",Apple,12990000,8990000,31,4000000,5.0,108,12 Tháng,Đổi trả miễn phí trong 30 ngày,2024-12-06,425,1,8990000
276110276,Apple iPhone 16 Plus,Apple,25990000,25490000,2,500000,5.0,7,12 Tháng,Đổi trả miễn phí trong 30 ngày,2024-12-06,64,0,0
271972435,Apple iPhone 15 Pro,Apple,24800000,24800000,0,0,4.8,117,No warranty info,No return policy,2024-12-06,0,0,0
271966786,Apple iPhone 15,Apple,22490000,19290000,14,3200000,5.0,100,12 Tháng,Đổi trả miễn phí trong 30 ngày,2024-12-06,520,0,0
271967379,Apple iPhone 15 Plus,Apple,25990000,22290000,14,3700000,4.8,42,12 Tháng,Đổi trả miễn phí trong 30 ngày,2024-12-06,271,0,0
197214029,Apple iPhone 14,Apple,24990000,16990000,32,8000000,5.0,156,12 Tháng,Đổi trả miễn phí trong 30 ngày,2024-12-06,639,0,0
197214029,Apple iPhone 14,Apple,24990000,16990000,32,8000000,5.0,156,12 Tháng,Đổi trả miễn phí trong 30 ngày,2024-12-07,639,0,0
271967379,Apple iPhone 15 Plus,Apple,25990000,22290000,14,3700000,4.8,42,12 Tháng,Đổi trả miễn phí trong 30 ngày,2024-12-07,271,0,0
271966786,Apple iPhone 15,Apple,22490000,19290000,14,3200000,5.0,100,12 Tháng,Đổi trả miễn phí trong 30 ngày,2024-12-07,520,0,0
271972435,Apple iPhone 15 Pro,Apple,24800000,24800000,0,0,4.8,117,No warranty info,No return policy,2024-12-07,0,0,0
276110276,Apple iPhone 16 Plus,Apple,25990000,25490000,2,500000,5.0,7,12 Tháng,Đổi trả miễn phí trong 30 ngày,2024-12-07,64,0,0
205815576,"Apple iPad 10.9-inch (10th Gen) Wi-Fi, 2022",Apple,12990000,8990000,31,4000000,5.0,108,12 Tháng,Đổi trả miễn phí trong 30 ngày,2024-12-07,426,1,8990000
276110349,Apple iPhone 16,Apple,22990000,21490000,7,1500000,5.0,21,12 Tháng,Đổi trả miễn phí trong 30 ngày,2024-12-07,171,0,0
271973414,Apple iPhone 15 Pro Max,Apple,33490000,28990000,13,4500000,5.0,256,12 Tháng,Đổi trả miễn phí trong 30 ngày,2024-12-07,3504,0,0
276110023,Apple iPhone 16 Pro,Apple,28990000,28490000,2,500000,5.0,17,12 Tháng,Đổi trả miễn phí trong 30 ngày,2024-12-07,143,0,0
184059211,Apple iPhone 13,Apple,24990000,13090000,48,11900000,5.0,2025,12 Tháng,Đổi trả miễn phí trong 30 ngày,2024-12-07,7868,0,0
276109904,Apple iPhone 16 Pro Max,Apple,34990000,33490000,4,1500000,5.0,75,12 Tháng,Đổi trả miễn phí trong 30 ngày,2024-12-07,589,0,0
184036446,Apple iPhone 11,Apple,15999000,9890000,38,6109000,4.8,3088,12 Tháng,Đổi trả miễn phí trong 30 ngày,2024-12-07,14470,0,0
275042829,Apple iPad Pro M4 11-Inch Wi-Fi,Apple,27490000,27490000,0,0,5.0,10,No warranty info,No return policy,2024-12-07,0,0,0
275042833,Apple iPad Pro M4 11-Inch Wi-Fi+ Cellular,Apple,34490000,30990000,10,3500000,0.0,0,12 Tháng,Đổi trả miễn phí trong 30 ngày,2024-12-07,2,0,0
275042833,Apple iPad Pro M4 11-Inch Wi-Fi+ Cellular,Apple,34490000,30990000,10,3500000,0.0,0,12 Tháng,Đổi trả miễn phí trong 30 ngày,2024-12-08,2,0,0
275042829,Apple iPad Pro M4 11-Inch Wi-Fi,Apple,27490000,27490000,0,0,5.0,10,No warranty info,No return policy,2024-12-08,0,0,0
184036446,Apple iPhone 11,Apple,15999000,9890000,38,6109000,4.8,3088,12 Tháng,Đổi trả miễn phí trong 30 ngày,2024-12-08,14470,0,0
271972435,Apple iPhone 15 Pro,Apple,24800000,24800000,0,0,4.8,117,No warranty info,No return policy,2024-12-08,0,0,0
276109904,Apple iPhone 16 Pro Max,Apple,34990000,33490000,4,1500000,5.0,75,12 Tháng,Đổi trả miễn phí trong 30 ngày,2024-12-08,592,3,100470000
184059211,Apple iPhone 13,Apple,24990000,13090000,48,11900000,5.0,2025,12 Tháng,Đổi trả miễn phí trong 30 ngày,2024-12-08,7868,0,0
276110023,Apple iPhone 16 Pro,Apple,28990000,28490000,2,500000,5.0,17,12 Tháng,Đổi trả miễn phí trong 30 ngày,2024-12-08,143,0,0
271973414,Apple iPhone 15 Pro Max,Apple,33490000,28990000,13,4500000,5.0,256,12 Tháng,Đổi trả miễn phí trong 30 ngày,2024-12-08,3504,0,0
276110349,Apple iPhone 16,Apple,22990000,21490000,7,1500000,5.0,21,12 Tháng,Đổi trả miễn phí trong 30 ngày,2024-12-08,171,0,0
205815576,"Apple iPad 10.9-inch (10th Gen) Wi-Fi, 2022",Apple,12990000,8990000,31,4000000,5.0,108,12 Tháng,Đổi trả miễn phí trong 30 ngày,2024-12-08,427,1,8990000
276110276,Apple iPhone 16 Plus,Apple,25990000,25490000,2,500000,5.0,7,12 Tháng,Đổi trả miễn phí trong 30 ngày,2024-12-08,64,0,0
271966786,Apple iPhone 15,Apple,22490000,19290000,14,3200000,5.0,100,12 Tháng,Đổi trả miễn phí trong 30 ngày,2024-12-08,521,1,19290000
271967379,Apple iPhone 15 Plus,Apple,25990000,22290000,14,3700000,4.8,42,12 Tháng,Đổi trả miễn phí trong 30 ngày,2024-12-08,272,1,22290000
197214029,Apple iPhone 14,Apple,24990000,16990000,32,8000000,5.0,156,12 Tháng,Đổi trả miễn phí trong 30 ngày,2024-12-08,639,0,0
275042833,Apple iPad Pro M4 11-Inch Wi-Fi+ Cellular,Apple,34490000,30990000,10,3500000,0.0,0,12 Tháng,Đổi trả miễn phí trong 30 ngày,2024-12-09,2,0,0
275042829,Apple iPad Pro M4 11-Inch Wi-Fi,Apple,27490000,27490000,0,0,5.0,10,No warranty info,No return policy,2024-12-09,0,0,0
184036446,Apple iPhone 11,Apple,15999000,9890000,38,6109000,4.8,3088,12 Tháng,Đổi trả miễn phí trong 30 ngày,2024-12-09,14470,0,0
276109904,Apple iPhone 16 Pro Max,Apple,34990000,33490000,4,1500000,5.0,75,12 Tháng,Đổi trả miễn phí trong 30 ngày,2024-12-09,592,0,0
184059211,Apple iPhone 13,Apple,24990000,13090000,48,11900000,5.0,2025,12 Tháng,Đổi trả miễn phí trong 30 ngày,2024-12-09,7869,1,13090000
276110023,Apple iPhone 16 Pro,Apple,28990000,28490000,2,500000,5.0,17,12 Tháng,Đổi trả miễn phí trong 30 ngày,2024-12-09,143,0,0
271973414,Apple iPhone 15 Pro Max,Apple,33490000,28990000,13,4500000,5.0,256,12 Tháng,Đổi trả miễn phí trong 30 ngày,2024-12-09,3504,0,0
276110349,Apple iPhone 16,Apple,22990000,21490000,7,1500000,5.0,21,12 Tháng,Đổi trả miễn phí trong 30 ngày,2024-12-09,171,0,0
205815576,"Apple iPad 10.9-inch (10th Gen) Wi-Fi, 2022",Apple,12990000,8990000,31,4000000,5.0,108,12 Tháng,Đổi trả miễn phí trong 30 ngày,2024-12-09,427,0,0
276110276,Apple iPhone 16 Plus,Apple,25990000,25490000,2,500000,5.0,7,12 Tháng,Đổi trả miễn phí trong 30 ngày,2024-12-09,64,0,0
271972435,Apple iPhone 15 Pro,Apple,24800000,24800000,0,0,4.8,117,No warranty info,No return policy,2024-12-09,0,0,0
271966786,Apple iPhone 15,Apple,22490000,19290000,14,3200000,5.0,100,12 Tháng,Đổi trả miễn phí trong 30 ngày,2024-12-09,521,0,0
271967379,Apple iPhone 15 Plus,Apple,25990000,22290000,14,3700000,4.8,42,12 Tháng,Đổi trả miễn phí trong 30 ngày,2024-12-09,272,0,0
197214029,Apple iPhone 14,Apple,24990000,16990000,32,8000000,5.0,156,12 Tháng,Đổi trả miễn phí trong 30 ngày,2024-12-09,639,0,0
197214029,Apple iPhone 14,Apple,24990000,16850000,33,8140000,5.0,156,12 Tháng,Đổi trả miễn phí trong 30 ngày,2024-12-10,639,0,0
271967379,Apple iPhone 15 Plus,Apple,25990000,22290000,14,3700000,4.8,42,12 Tháng,Đổi trả miễn phí trong 30 ngày,2024-12-10,272,0,0
271966786,Apple iPhone 15,Apple,22490000,19290000,14,3200000,5.0,100,12 Tháng,Đổi trả miễn phí trong 30 ngày,2024-12-10,521,0,0
271972435,Apple iPhone 15 Pro,Apple,24800000,24800000,0,0,4.8,117,No warranty info,No return policy,2024-12-10,0,0,0
276110276,Apple iPhone 16 Plus,Apple,25990000,25490000,2,500000,5.0,7,12 Tháng,Đổi trả miễn phí trong 30 ngày,2024-12-10,64,0,0
205815576,"Apple iPad 10.9-inch (10th Gen) Wi-Fi, 2022",Apple,12990000,8990000,31,4000000,5.0,109,12 Tháng,Đổi trả miễn phí trong 30 ngày,2024-12-10,428,1,8990000
276110349,Apple iPhone 16,Apple,22990000,21490000,7,1500000,5.0,22,12 Tháng,Đổi trả miễn phí trong 30 ngày,2024-12-10,171,0,0
271973414,Apple iPhone 15 Pro Max,Apple,33490000,28990000,13,4500000,5.0,256,12 Tháng,Đổi trả miễn phí trong 30 ngày,2024-12-10,3505,1,28990000
276110023,Apple iPhone 16 Pro,Apple,28990000,28490000,2,500000,5.0,17,12 Tháng,Đổi trả miễn phí trong 30 ngày,2024-12-10,143,0,0
184059211,Apple iPhone 13,Apple,24990000,13090000,48,11900000,5.0,2027,12 Tháng,Đổi trả miễn phí trong 30 ngày,2024-12-10,7869,0,0
276109904,Apple iPhone 16 Pro Max,Apple,34990000,33490000,4,1500000,5.0,75,12 Tháng,Đổi trả miễn phí trong 30 ngày,2024-12-10,595,3,100470000
184036446,Apple iPhone 11,Apple,15999000,9890000,38,6109000,4.8,3089,12 Tháng,Đổi trả miễn phí trong 30 ngày,2024-12-10,14470,0,0
275042829,Apple iPad Pro M4 11-Inch Wi-Fi,Apple,27490000,27490000,0,0,5.0,10,No warranty info,No return policy,2024-12-10,0,0,0
275042833,Apple iPad Pro M4 11-Inch Wi-Fi+ Cellular,Apple,34490000,30990000,10,3500000,0.0,0,12 Tháng,Đổi trả miễn phí trong 30 ngày,2024-12-10,2,0,0
197214029,Apple iPhone 14,Apple,24990000,16850000,33,8140000,5.0,156,12 Tháng,Đổi trả miễn phí trong 30 ngày,2024-12-11,639,0,0
271967379,Apple iPhone 15 Plus,Apple,25990000,22290000,14,3700000,4.8,42,12 Tháng,Đổi trả miễn phí trong 30 ngày,2024-12-11,272,0,0
271966786,Apple iPhone 15,Apple,22490000,19290000,14,3200000,5.0,100,12 Tháng,Đổi trả miễn phí trong 30 ngày,2024-12-11,521,0,0
271972435,Apple iPhone 15 Pro,Apple,24800000,24800000,0,0,4.8,117,No warranty info,No return policy,2024-12-11,0,0,0
276110276,Apple iPhone 16 Plus,Apple,25990000,25490000,2,500000,5.0,7,12 Tháng,Đổi trả miễn phí trong 30 ngày,2024-12-11,64,0,0
205815576,"Apple iPad 10.9-inch (10th Gen) Wi-Fi, 2022",Apple,12990000,8990000,31,4000000,5.0,109,12 Tháng,Đổi trả miễn phí trong 30 ngày,2024-12-11,430,2,17980000
276110349,Apple iPhone 16,Apple,22990000,21490000,7,1500000,5.0,22,12 Tháng,Đổi trả miễn phí trong 30 ngày,2024-12-11,171,0,0
271973414,Apple iPhone 15 Pro Max,Apple,33490000,28990000,13,4500000,5.0,256,12 Tháng,Đổi trả miễn phí trong 30 ngày,2024-12-11,3506,1,28990000
276110023,Apple iPhone 16 Pro,Apple,28990000,28490000,2,500000,5.0,17,12 Tháng,Đổi trả miễn phí trong 30 ngày,2024-12-11,143,0,0
184059211,Apple iPhone 13,Apple,24990000,13090000,48,11900000,5.0,2027,12 Tháng,Đổi trả miễn phí trong 30 ngày,2024-12-11,7869,0,0
276109904,Apple iPhone 16 Pro Max,Apple,34990000,33490000,4,1500000,5.0,75,12 Tháng,Đổi trả miễn phí trong 30 ngày,2024-12-11,596,1,33490000
184036446,Apple iPhone 11,Apple,15999000,9890000,38,6109000,4.8,3089,12 Tháng,Đổi trả miễn phí trong 30 ngày,2024-12-11,14473,3,29670000
275042829,Apple iPad Pro M4 11-Inch Wi-Fi,Apple,27490000,27490000,0,0,5.0,10,No warranty info,No return policy,2024-12-11,0,0,0
275042833,Apple iPad Pro M4 11-Inch Wi-Fi+ Cellular,Apple,34490000,30990000,10,3500000,0.0,0,12 Tháng,Đổi trả miễn phí trong 30 ngày,2024-12-11,2,0,0
